ID,Celebrity,Image,Type,NumAnnotators,VotesYes,VotesNo,CriteriaMetFraction,FinalDecision,Reason
ID000001,Aaron-Judge,01.jpg,Fake,6,3,3,0.67,TIE,
ID000001,Aaron-Judge,01.jpg,Real,6,6,0,1.0,KEEP,
ID000001,Aaron-Judge,02.jpg,Fake,6,5,1,0.83,KEEP,
ID000002,Abbie-Cornish,01.jpg,Fake,6,4,2,0.67,KEEP,
ID000002,Abbie-Cornish,01.jpg,Real,6,6,0,1.0,KEEP,
ID000002,Abbie-Cornish,02.jpg,Fake,6,6,0,1.0,KEEP,
ID000003,Abdel-Fattah-el-Sisi,01.jpg,Fake,6,1,5,0.5,DISCARD,
ID000003,Abdel-Fattah-el-Sisi,01.jpg,Real,6,6,0,1.0,KEEP,
ID000003,Abdel-Fattah-el-Sisi,02.jpg,Fake,6,0,6,0.33,DISCARD,
ID000003,Abdel-Fattah-el-Sisi,03.jpg,Fake,6,2,4,0.67,DISCARD,
ID000003,Abdel-Fattah-el-Sisi,04.png,Fake,6,6,0,1.0,KEEP,
ID000003,Abdel-Fattah-el-Sisi,05.jpg,Fake,6,2,4,0.67,DISCARD,
ID000004,Abdulnasser-Bin-Kalban,01.jpg,Fake,6,0,6,0.0,DISCARD,
ID000004,Abdulnasser-Bin-Kalban,01.jpg,Real,6,6,0,1.0,KEEP,
ID000004,Abdulnasser-Bin-Kalban,02.jpg,Real,6,6,0,1.0,KEEP,
ID000005,Adam-Sandler,01.jpg,Fake,6,4,2,0.67,KEEP,
ID000005,Adam-Sandler,01.jpg,Real,6,6,0,1.0,KEEP,
ID000005,Adam-Sandler,02.jpg,Real,6,6,0,1.0,KEEP,
ID000005,Adam-Sandler,03.jpg,Fake,6,5,1,0.83,KEEP,
ID000005,Adam-Sandler,04.jpg,Fake,6,3,3,0.5,TIE,
ID000006,Agatha-moreira,01.jpg,Fake,6,2,4,0.33,DISCARD,
ID000006,Agatha-moreira,01.jpg,Real,6,5,1,1.0,KEEP,
ID000006,Agatha-moreira,02.jpg,Fake,6,0,6,0.0,DISCARD,
ID000006,Agatha-moreira,02.jpg,Real,6,6,0,1.0,KEEP,
ID000006,Agatha-moreira,03.jpg,Real,6,6,0,1.0,KEEP,
ID000006,Agatha-moreira,03.png,Fake,6,4,2,0.67,KEEP,
ID000008,Aishwarya-Rai,01.jpg,Fake,6,4,2,1.0,KEEP,
ID000008,Aishwarya-Rai,01.jpg,Real,6,6,0,1.0,KEEP,
ID000008,Aishwarya-Rai,02.jpg,Fake,6,1,5,0.83,DISCARD,
ID000008,Aishwarya-Rai,02.jpg,Real,6,6,0,1.0,KEEP,
ID000008,Aishwarya-Rai,03.jpg,Fake,6,5,1,0.83,KEEP,
ID000008,Aishwarya-Rai,04.jpg,Fake,6,0,6,0.5,DISCARD,
ID000008,Aishwarya-Rai,05.png,Fake,6,4,2,0.83,KEEP,
ID000009,Albert-Eienstain,01.jpg,Fake,6,3,3,0.83,TIE,
ID000009,Albert-Eienstain,01.jpg,Real,6,6,0,1.0,KEEP,
ID000009,Albert-Eienstain,02.jpg,Real,6,6,0,1.0,KEEP,
ID000009,Albert-Eienstain,03.jpg,Fake,6,4,2,1.0,KEEP,
ID000009,Albert-Eienstain,04.jpg,Fake,6,3,3,0.83,TIE,
ID000009,Albert-Eienstain,05.png,Fake,6,4,2,1.0,KEEP,
ID000010,Alec-Baldwin,01.jpg,Fake,6,1,5,0.17,DISCARD,
ID000010,Alec-Baldwin,01.jpg,Real,6,5,1,0.83,KEEP,
ID000010,Alec-Baldwin,02.jpg,Fake,6,5,1,0.83,KEEP,
ID000010,Alec-Baldwin,02.jpg,Real,6,6,0,1.0,KEEP,
ID000010,Alec-Baldwin,03.jpg,Real,6,6,0,1.0,KEEP,
ID000012,Alex-Cooper,01.jpg,Fake,6,0,6,0.0,DISCARD,
ID000012,Alex-Cooper,01.jpg,Real,6,1,5,0.33,DISCARD,
ID000012,Alex-Cooper,02.jpg,Real,6,6,0,1.0,KEEP,
ID000012,Alex-Cooper,02.png,Fake,6,2,4,0.33,DISCARD,
ID000012,Alex-Cooper,03.jpg,Real,6,6,0,1.0,KEEP,
ID000013,Alexandria-Ocasio-Cortez,01.jpg,Real,6,6,0,1.0,KEEP,
ID000013,Alexandria-Ocasio-Cortez,02.jpg,Real,6,6,0,1.0,KEEP,
ID000013,Alexandria-Ocasio-Cortez,1.png,Fake,6,5,1,0.83,KEEP,
ID000014,Alia-Butt,01.jpg,Fake,6,3,3,0.67,TIE,
ID000014,Alia-Butt,01.jpg,Real,6,6,0,1.0,KEEP,
ID000014,Alia-Butt,02.jpg,Fake,6,1,5,0.17,DISCARD,
ID000014,Alia-Butt,02.jpg,Real,6,6,0,1.0,KEEP,
ID000014,Alia-Butt,03.jpg,Fake,6,1,5,0.17,DISCARD,
ID000014,Alia-Butt,03.jpg,Real,6,6,0,1.0,KEEP,
ID000014,Alia-Butt,04.png,Fake,6,6,0,1.0,KEEP,
ID000015,Alina-Amir,01.jpg,Real,6,3,3,0.5,TIE,
ID000015,Alina-Amir,01.png,Fake,6,1,5,0.17,DISCARD,
ID000015,Alina-Amir,02.jpg,Fake,6,5,1,0.83,KEEP,
ID000015,Alina-Amir,04.png,Fake,6,3,3,0.5,TIE,
ID000016,Alix-Earle,01.png,Real,6,6,0,1.0,KEEP,
ID000016,Alix-Earle,02.jpg,Real,6,6,0,1.0,KEEP,
ID000016,Alix-Earle,02.png,Fake,6,5,1,0.83,KEEP,
ID000016,Alix-Earle,03.jpg,Fake,6,1,5,0.33,DISCARD,
ID000017,Amber-Heard,01.jpg,Fake,6,4,2,0.83,KEEP,
ID000017,Amber-Heard,01.jpg,Real,6,6,0,1.0,KEEP,
ID000017,Amber-Heard,02.jpg,Fake,6,4,2,0.83,KEEP,
ID000017,Amber-Heard,03.jpg,Fake,6,1,5,0.5,DISCARD,
ID000017,Amber-Heard,04.jpg,Fake,6,1,5,0.33,DISCARD,
ID000018,Ana-de-Armas,01.jpg,Fake,6,0,6,0.0,DISCARD,
ID000018,Ana-de-Armas,01.jpg,Real,6,6,0,1.0,KEEP,
ID000018,Ana-de-Armas,02.jpg,Fake,6,2,4,0.5,DISCARD,
ID000018,Ana-de-Armas,02.jpg,Real,6,6,0,1.0,KEEP,
ID000018,Ana-de-Armas,03.jpg,Fake,6,1,5,0.33,DISCARD,
ID000018,Ana-de-Armas,04.jpg,Fake,6,5,1,1.0,KEEP,
ID000018,Ana-de-Armas,06.jpg,Fake,6,1,5,0.33,DISCARD,
ID000018,Ana-de-Armas,07.png,Fake,6,4,2,1.0,KEEP,
ID000019,Andrea-Pirlo,01.jpg,Real,6,6,0,1.0,KEEP,
ID000019,Andrea-Pirlo,02.jpg,Fake,6,4,2,0.83,KEEP,
ID000019,Andrea-Pirlo,1.jpg,Fake,6,6,0,1.0,KEEP,
ID000019,Andrea-Pirlo,1.jpg,Real,6,6,0,1.0,KEEP,
ID000020,Andrew-Garfield,01.jpg,Fake,6,5,1,0.83,KEEP,
ID000020,Andrew-Garfield,01.jpg,Real,6,6,0,1.0,KEEP,
ID000020,Andrew-Garfield,02.jpg,Fake,6,5,1,0.83,KEEP,
ID000020,Andrew-Garfield,02.jpg,Real,6,6,0,1.0,KEEP,
ID000021,Andy-Jassy,01.jpg,Fake,6,2,4,0.33,DISCARD,
ID000021,Andy-Jassy,01.jpg,Real,6,6,0,1.0,KEEP,
ID000021,Andy-Jassy,02.jpg,Real,6,6,0,1.0,KEEP,
ID000022,Angelina-Jolie,01.jpg,Fake,6,4,2,1.0,KEEP,
ID000022,Angelina-Jolie,01.jpg,Real,6,6,0,1.0,KEEP,
ID000022,Angelina-Jolie,02.jpg,Fake,6,5,1,1.0,KEEP,
ID000022,Angelina-Jolie,02.jpg,Real,6,6,0,1.0,KEEP,
ID000022,Angelina-Jolie,03.jpg,Fake,6,1,5,0.83,DISCARD,
ID000022,Angelina-Jolie,03.jpg,Real,6,6,0,1.0,KEEP,
ID000022,Angelina-Jolie,04.jpg,Fake,6,1,5,0.67,DISCARD,
ID000022,Angelina-Jolie,05.jpg,Fake,6,1,5,0.67,DISCARD,
ID000022,Angelina-Jolie,06.png,Fake,6,1,5,0.5,DISCARD,
ID000022,Angelina-Jolie,07.jpg,Fake,6,2,4,0.5,DISCARD,
ID000023,Anna-Faris,01.jpg,Fake,6,5,1,1.0,KEEP,
ID000023,Anna-Faris,01.jpg,Real,6,5,1,0.83,KEEP,
ID000023,Anna-Faris,02.jpg,Fake,6,6,0,1.0,KEEP,
ID000024,Anna-Wintour,01.jpg,Fake,6,3,3,0.67,TIE,
ID000024,Anna-Wintour,01.jpg,Real,6,6,0,1.0,KEEP,
ID000024,Anna-Wintour,02.jpg,Fake,6,6,0,1.0,KEEP,
ID000024,Anna-Wintour,02.jpg,Real,6,6,0,1.0,KEEP,
ID000024,Anna-Wintour,03.jpg,Fake,6,6,0,1.0,KEEP,
ID000025,Anthony-Hopkins,01.jpg,Fake,6,3,3,1.0,TIE,
ID000025,Anthony-Hopkins,01.jpg,Real,6,6,0,1.0,KEEP,
ID000025,Anthony-Hopkins,02.jpg,Fake,6,3,3,1.0,TIE,
ID000025,Anthony-Hopkins,02.jpg,Real,6,6,0,1.0,KEEP,
ID000025,Anthony-Hopkins,03.jpg,Fake,6,5,1,1.0,KEEP,
ID000025,Anthony-Hopkins,03.jpg,Real,6,5,1,0.83,KEEP,
ID000025,Anthony-Hopkins,05.jpg,Fake,6,4,2,1.0,KEEP,
ID000025,Anthony-Hopkins,06.jpg,Fake,6,0,6,0.17,DISCARD,
ID000026,Anthony-Edwards,01.jpg,Fake,6,4,2,0.67,KEEP,
ID000026,Anthony-Edwards,01.png,Real,6,6,0,1.0,KEEP,
ID000026,Anthony-Edwards,02.jpg,Fake,6,1,5,0.17,DISCARD,
ID000026,Anthony-Edwards,02.jpg,Real,6,6,0,1.0,KEEP,
ID000027,Antoine-Griezmann,01.jpg,Fake,6,3,3,0.5,TIE,
ID000027,Antoine-Griezmann,01.jpg,Real,6,5,1,0.83,KEEP,
ID000027,Antoine-Griezmann,02.jpg,Fake,6,6,0,1.0,KEEP,
ID000027,Antoine-Griezmann,02.png,Real,6,5,1,0.83,KEEP,
ID000027,Antoine-Griezmann,03.jpg,Fake,6,5,1,0.83,KEEP,
ID000027,Antoine-Griezmann,03.jpg,Real,6,6,0,1.0,KEEP,
ID000028,Antonio-Banderas,01.jpg,Fake,6,0,6,0.17,DISCARD,
ID000028,Antonio-Banderas,01.jpg,Real,6,5,1,0.83,KEEP,
ID000028,Antonio-Banderas,02.jpg,Fake,6,2,4,0.33,DISCARD,
ID000028,Antonio-Banderas,02.jpg,Real,6,5,1,0.83,KEEP,
ID000028,Antonio-Banderas,03.jpg,Fake,6,2,4,0.33,DISCARD,
ID000028,Antonio-Banderas,04.jpg,Fake,6,0,6,0.0,DISCARD,
ID000028,Antonio-Banderas,05.png,Fake,6,4,2,0.67,KEEP,
ID000029,Antonio-Guterres,01.jpg,Real,6,6,0,1.0,KEEP,
ID000029,Antonio-Guterres,02.jpg,Fake,6,6,0,1.0,KEEP,
ID000029,Antonio-Guterres,03.jpg,Fake,6,3,3,0.5,TIE,
ID000029,Antonio-Guterres,04.jpg,Fake,6,3,3,0.5,TIE,
ID000030,Antony,01.jpg,Fake,6,3,3,0.5,TIE,
ID000030,Antony,01.jpg,Real,6,6,0,1.0,KEEP,
ID000030,Antony,02.jpg,Fake,6,4,2,0.83,KEEP,
ID000030,Antony,02.jpg,Real,6,6,0,1.0,KEEP,
ID000031,Arnold-Schwarzenegger,01.jpg,Fake,6,0,6,0.33,DISCARD,
ID000031,Arnold-Schwarzenegger,01.jpg,Real,6,6,0,1.0,KEEP,
ID000031,Arnold-Schwarzenegger,02.jpg,Fake,6,4,2,1.0,KEEP,
ID000031,Arnold-Schwarzenegger,03.jpg,Fake,6,3,3,0.5,TIE,
ID000031,Arnold-Schwarzenegger,04.jpg,Fake,6,3,3,1.0,TIE,
ID000031,Arnold-Schwarzenegger,05.png,Fake,6,1,5,0.5,DISCARD,
ID000031,Arnold-Schwarzenegger,06.jpg,Fake,6,1,5,0.5,DISCARD,
ID000032,Ashley-Judd,01.jpg,Real,6,6,0,1.0,KEEP,
ID000032,Ashley-Judd,02.jpg,Fake,6,4,2,0.67,KEEP,
ID000032,Ashley-Judd,02.jpg,Real,6,6,0,1.0,KEEP,
ID000032,Ashley-Judd,03.jpg,Fake,6,4,2,0.67,KEEP,
ID000033,Ashton-Kutcher,01.jpg,Fake,6,4,2,0.83,KEEP,
ID000033,Ashton-Kutcher,01.jpg,Real,6,5,1,0.83,KEEP,
ID000033,Ashton-Kutcher,02.jpg,Fake,6,3,3,0.5,TIE,
ID000033,Ashton-Kutcher,02.jpg,Real,6,5,1,0.83,KEEP,
ID000034,Audrey-Hepburn,01.jpg,Fake,6,5,1,1.0,KEEP,
ID000034,Audrey-Hepburn,01.jpg,Real,6,6,0,1.0,KEEP,
ID000034,Audrey-Hepburn,02.jpg,Fake,6,4,2,1.0,KEEP,
ID000034,Audrey-Hepburn,02.jpg,Real,6,6,0,1.0,KEEP,
ID000034,Audrey-Hepburn,03.jpg,Fake,6,5,1,1.0,KEEP,
ID000034,Audrey-Hepburn,03.jpg,Real,6,5,1,0.83,KEEP,
ID000034,Audrey-Hepburn,04.jpg,Fake,6,0,6,0.5,DISCARD,
ID000035,Audrey-Tautou,01.jpg,Fake,6,4,2,0.67,KEEP,
ID000035,Audrey-Tautou,01.jpg,Real,6,6,0,1.0,KEEP,
ID000035,Audrey-Tautou,02.jpg,Fake,6,2,4,0.33,DISCARD,
ID000035,Audrey-Tautou,02.jpg,Real,6,6,0,1.0,KEEP,
ID000035,Audrey-Tautou,03.jpg,Fake,6,5,1,0.83,KEEP,
ID000036,Auston-Matthews,01.jpg,Fake,6,3,3,0.5,TIE,
ID000036,Auston-Matthews,01.jpg,Real,6,5,1,0.83,KEEP,
ID000036,Auston-Matthews,02.jpg,Fake,6,1,5,0.33,DISCARD,
ID000037,Babar-Azam,01.jpg,Fake,6,3,3,0.67,TIE,
ID000037,Babar-Azam,01.jpg,Real,6,6,0,1.0,KEEP,
ID000037,Babar-Azam,02.png,Real,6,4,2,0.67,KEEP,
ID000037,Babar-Azam,04.png,Fake,6,5,1,0.83,KEEP,
ID000038,Barack-obamam,01.jpg,Real,6,6,0,1.0,KEEP,
ID000038,Barack-obamam,02.jpg,Fake,6,5,1,0.83,KEEP,
ID000038,Barack-obamam,02.jpg,Real,6,6,0,1.0,KEEP,
ID000038,Barack-obamam,04.jpg,Fake,6,5,1,0.83,KEEP,
ID000038,Barack-obamam,05.png,Fake,6,5,1,0.83,KEEP,
ID000039,Bashar-al-Assad,01.jpg,Fake,6,3,3,0.67,TIE,
ID000039,Bashar-al-Assad,01.jpg,Real,6,6,0,1.0,KEEP,
ID000039,Bashar-al-Assad,02.jpg,Fake,6,5,1,1.0,KEEP,
ID000039,Bashar-al-Assad,02.jpg,Real,6,6,0,1.0,KEEP,
ID000039,Bashar-al-Assad,03.jpg,Fake,6,6,0,1.0,KEEP,
ID000040,Ben-Affleck,01.jpg,Fake,6,3,3,0.83,TIE,
ID000040,Ben-Affleck,01.jpg,Real,6,6,0,1.0,KEEP,
ID000040,Ben-Affleck,02.jpg,Fake,6,0,6,0.33,DISCARD,
ID000040,Ben-Affleck,03.jpg,Fake,6,1,5,0.17,DISCARD,
ID000040,Ben-Affleck,04.jpg,Fake,6,4,2,0.83,KEEP,
ID000040,Ben-Affleck,05.jpg,Fake,6,2,4,0.5,DISCARD,
ID000042,Ben-Kingsley,01.jpg,Fake,6,6,0,1.0,KEEP,
ID000042,Ben-Kingsley,01.jpg,Real,6,6,0,1.0,KEEP,
ID000042,Ben-Kingsley,02.jpg,Fake,6,2,4,0.33,DISCARD,
ID000042,Ben-Kingsley,02.jpg,Real,6,5,1,1.0,KEEP,
ID000043,Benedict-Cumberbatch,01.jpg,Fake,6,5,1,0.83,KEEP,
ID000043,Benedict-Cumberbatch,01.jpg,Real,6,6,0,1.0,KEEP,
ID000043,Benedict-Cumberbatch,02.jpg,Fake,6,2,4,0.33,DISCARD,
ID000043,Benedict-Cumberbatch,02.jpg,Real,6,6,0,1.0,KEEP,
ID000043,Benedict-Cumberbatch,03.jpg,Fake,6,1,5,0.17,DISCARD,
ID000043,Benedict-Cumberbatch,04.webp,Fake,6,3,3,0.5,TIE,
ID000044,Benicio-del-Toro,01.jpg,Real,6,6,0,1.0,KEEP,
ID000044,Benicio-del-Toro,02.jpg,Fake,6,4,2,0.67,KEEP,
ID000044,Benicio-del-Toro,02.jpg,Real,6,6,0,1.0,KEEP,
ID000044,Benicio-del-Toro,03.jpg,Fake,6,6,0,1.0,KEEP,
ID000044,Benicio-del-Toro,03.jpg,Real,6,6,0,1.0,KEEP,
ID000044,Benicio-del-Toro,04.jpg,Fake,6,1,5,0.17,DISCARD,
ID000045,Benjamin-Netanyahu,01.jpg,Real,6,6,0,1.0,KEEP,
ID000045,Benjamin-Netanyahu,01.webp,Fake,6,1,5,0.33,DISCARD,
ID000045,Benjamin-Netanyahu,02.jpg,Fake,6,0,6,0.17,DISCARD,
ID000045,Benjamin-Netanyahu,02.jpg,Real,6,6,0,1.0,KEEP,
ID000045,Benjamin-Netanyahu,03.jpg,Real,6,5,1,0.83,KEEP,
ID000045,Benjamin-Netanyahu,03.png,Fake,6,0,6,0.0,DISCARD,
ID000045,Benjamin-Netanyahu,04.png,Fake,6,3,3,0.5,TIE,
ID000045,Benjamin-Netanyahu,05.jpg,Fake,6,4,2,0.83,KEEP,
ID000046,Benson-Boone,01.jpg,Fake,6,1,5,0.17,DISCARD,
ID000046,Benson-Boone,01.png,Real,6,6,0,1.0,KEEP,
ID000046,Benson-Boone,02.jpg,Fake,6,0,6,0.0,DISCARD,
ID000046,Benson-Boone,02.jpg,Real,6,6,0,1.0,KEEP,
ID000046,Benson-Boone,03.jpg,Fake,6,0,6,0.0,DISCARD,
ID000046,Benson-Boone,04.png,Fake,6,5,1,0.83,KEEP,
ID000047,Beyonacca,01.png,Fake,6,5,1,0.83,KEEP,
ID000047,Beyonacca,01.png,Real,6,6,0,1.0,KEEP,
ID000047,Beyonacca,02.jpg,Fake,6,6,0,1.0,KEEP,
ID000047,Beyonacca,03.jpg,Fake,6,1,5,0.17,DISCARD,
ID000048,Bill-Paxton,01.jpg,Fake,6,3,3,0.5,TIE,
ID000048,Bill-Paxton,01.jpg,Real,6,6,0,1.0,KEEP,
ID000048,Bill-Paxton,02.jpg,Fake,6,1,5,0.17,DISCARD,
ID000048,Bill-Paxton,02.jpg,Real,6,6,0,1.0,KEEP,
ID000048,Bill-Paxton,03.jpg,Real,6,6,0,1.0,KEEP,
ID000049,Billy-Bob-Thornton,01.jpg,Fake,6,3,3,0.67,TIE,
ID000049,Billy-Bob-Thornton,01.jpg,Real,6,6,0,1.0,KEEP,
ID000049,Billy-Bob-Thornton,02.jpg,Real,6,5,1,1.0,KEEP,
ID000049,Billy-Bob-Thornton,02.png,Fake,6,5,1,0.83,KEEP,
ID000049,Billy-Bob-Thornton,03.jpg,Fake,6,0,6,0.17,DISCARD,
ID000049,Billy-Bob-Thornton,03.jpg,Real,6,5,1,0.83,KEEP,
ID000049,Billy-Bob-Thornton,05.jpg,Fake,6,3,3,0.5,TIE,
ID000050,Blair-Parry-Okeden,01.jpg,Fake,6,0,6,0.0,DISCARD,
ID000050,Blair-Parry-Okeden,01.jpg,Real,6,5,1,0.83,KEEP,
ID000050,Blair-Parry-Okeden,02.jpg,Fake,6,0,6,0.0,DISCARD,
ID000050,Blair-Parry-Okeden,02.jpg,Real,6,5,1,0.83,KEEP,
ID000050,Blair-Parry-Okeden,03.jpg,Fake,6,0,6,0.0,DISCARD,
ID000051,Bob-Dylan,01.jpg,Fake,6,4,2,1.0,KEEP,
ID000051,Bob-Dylan,01.jpg,Real,6,5,1,0.83,KEEP,
ID000051,Bob-Dylan,02.jpg,Fake,6,2,4,0.67,DISCARD,
ID000051,Bob-Dylan,02.png,Real,6,6,0,1.0,KEEP,
ID000051,Bob-Dylan,03.jpg,Fake,6,0,6,0.67,DISCARD,
ID000051,Bob-Dylan,04.jpg,Fake,6,5,1,0.83,KEEP,
ID000052,Brad-Pitt,01.jpg,Fake,6,6,0,1.0,KEEP,
ID000052,Brad-Pitt,01.jpg,Real,6,6,0,1.0,KEEP,
ID000052,Brad-Pitt,02.jpg,Fake,6,3,3,0.5,TIE,
ID000052,Brad-Pitt,02.jpg,Real,6,6,0,1.0,KEEP,
ID000052,Brad-Pitt,03.jpg,Fake,6,0,6,0.0,DISCARD,
ID000052,Brad-Pitt,03.jpg,Real,6,6,0,1.0,KEEP,
ID000052,Brad-Pitt,04.jpg,Fake,6,1,5,0.17,DISCARD,
ID000053,Brenda-Tau,01.jpg,Fake,6,0,6,0.0,DISCARD,
ID000053,Brenda-Tau,01.jpg,Real,6,4,2,0.67,KEEP,
ID000053,Brenda-Tau,02.jpg,Real,6,6,0,1.0,KEEP,
ID000054,Bruce-Willis,01.jpg,Fake,6,0,6,0.0,DISCARD,
ID000054,Bruce-Willis,01.jpg,Real,6,6,0,1.0,KEEP,
ID000054,Bruce-Willis,02.jpg,Real,6,5,1,0.83,KEEP,
ID000055,Bukayo-Saka,01.jpg,Real,6,6,0,1.0,KEEP,
ID000055,Bukayo-Saka,02.png,Real,6,6,0,1.0,KEEP,
ID000055,Bukayo-Saka,03.jpg,Real,6,5,1,1.0,KEEP,
ID000055,Bukayo-Saka,1.webp,Fake,6,2,4,0.33,DISCARD,
ID000056,Burak-Özçivit,01.jpg,Fake,6,3,3,0.5,TIE,
ID000056,Burak-Özçivit,01.jpg,Real,6,6,0,1.0,KEEP,
ID000056,Burak-Özçivit,02.jpg,Fake,6,3,3,0.5,TIE,
ID000056,Burak-Özçivit,03.jpg,Fake,6,6,0,1.0,KEEP,
ID000057,Caitlin-Clark,01.jpg,Fake,6,3,3,0.5,TIE,
ID000057,Caitlin-Clark,01.png,Real,6,6,0,1.0,KEEP,
ID000057,Caitlin-Clark,02.jpg,Fake,6,4,2,0.67,KEEP,
ID000057,Caitlin-Clark,03.png,Fake,6,5,1,1.0,KEEP,
ID000057,Caitlin-Clark,04.png,Fake,6,1,5,0.5,DISCARD,
ID000058,Caleb-Williams,01.jpg,Fake,6,1,5,0.17,DISCARD,
ID000058,Caleb-Williams,01.png,Real,6,6,0,1.0,KEEP,
ID000058,Caleb-Williams,02.jpg,Fake,6,4,2,0.67,KEEP,
ID000058,Caleb-Williams,02.jpg,Real,6,5,1,0.83,KEEP,
ID000058,Caleb-Williams,03.jpg,Fake,6,6,0,1.0,KEEP,
ID000059,Cameron-Diaz,01.jpg,Fake,6,4,2,1.0,KEEP,
ID000059,Cameron-Diaz,01.jpg,Real,6,6,0,1.0,KEEP,
ID000059,Cameron-Diaz,02.jpg,Fake,6,6,0,1.0,KEEP,
ID000059,Cameron-Diaz,03.jpg,Fake,6,4,2,1.0,KEEP,
ID000059,Cameron-Diaz,04.jpg,Fake,6,0,6,0.5,DISCARD,
ID000060,Cameron-Green,01.jpg,Real,6,6,0,1.0,KEEP,
ID000060,Cameron-Green,03.jpg,Fake,6,0,6,0.0,DISCARD,
ID000060,Cameron-Green,04.jpg,Fake,6,5,1,0.83,KEEP,
ID000061,Carey-Mulligan,01.jpg,Real,6,5,1,0.83,KEEP,
ID000061,Carey-Mulligan,01.png,Fake,6,4,2,0.67,KEEP,
ID000061,Carey-Mulligan,02.jpg,Real,6,5,1,0.83,KEEP,
ID000061,Carey-Mulligan,02.png,Fake,6,0,6,0.0,DISCARD,
ID000062,Carla-Gugino,01.jpg,Fake,6,0,6,0.17,DISCARD,
ID000062,Carla-Gugino,01.jpg,Real,6,6,0,1.0,KEEP,
ID000062,Carla-Gugino,02.jpg,Fake,6,1,5,0.17,DISCARD,
ID000062,Carla-Gugino,02.jpg,Real,6,6,0,1.0,KEEP,
ID000062,Carla-Gugino,03.jpg,Fake,6,1,5,0.17,DISCARD,
ID000063,Carlos-Alcaraz,01.jpg,Fake,6,0,6,0.0,DISCARD,
ID000063,Carlos-Alcaraz,01.jpg,Real,6,6,0,1.0,KEEP,
ID000063,Carlos-Alcaraz,02.jpg,Fake,6,0,6,0.0,DISCARD,
ID000063,Carlos-Alcaraz,02.jpg,Real,6,5,1,0.83,KEEP,
ID000063,Carlos-Alcaraz,03.webp,Real,6,4,2,0.67,KEEP,
ID000064,Carrie-Anne-Moss,01.jpg,Fake,6,4,2,0.83,KEEP,
ID000064,Carrie-Anne-Moss,01.jpg,Real,6,6,0,1.0,KEEP,
ID000064,Carrie-Anne-Moss,02.jpg,Fake,6,5,1,0.83,KEEP,
ID000064,Carrie-Anne-Moss,02.jpg,Real,6,6,0,1.0,KEEP,
ID000064,Carrie-Anne-Moss,03.jpg,Fake,6,0,6,0.0,DISCARD,
ID000064,Carrie-Anne-Moss,03.jpg,Real,6,6,0,1.0,KEEP,
ID000064,Carrie-Anne-Moss,04.jpg,Fake,6,1,5,0.17,DISCARD,
ID000065,Charles-Chaplin,01.jpg,Fake,6,6,0,1.0,KEEP,
ID000065,Charles-Chaplin,01.jpg,Real,6,6,0,1.0,KEEP,
ID000065,Charles-Chaplin,02.jpg,Fake,6,4,2,0.67,KEEP,
ID000065,Charles-Chaplin,02.jpg,Real,6,5,1,0.83,KEEP,
ID000065,Charles-Chaplin,03.jpg,Fake,6,6,0,1.0,KEEP,
ID000066,Charlize-Theron,01.jpg,Fake,6,1,5,0.5,DISCARD,
ID000066,Charlize-Theron,01.jpg,Real,6,6,0,1.0,KEEP,
ID000066,Charlize-Theron,02.jpg,Fake,6,2,4,0.83,DISCARD,
ID000066,Charlize-Theron,02.jpg,Real,6,6,0,1.0,KEEP,
ID000066,Charlize-Theron,03.jpg,Fake,6,3,3,1.0,TIE,
ID000066,Charlize-Theron,03.jpg,Real,6,6,0,1.0,KEEP,
ID000066,Charlize-Theron,04.jpg,Fake,6,5,1,0.83,KEEP,
ID000066,Charlize-Theron,05.jpg,Fake,6,2,4,0.83,DISCARD,
ID000067,Charlton-Heston,01.jpg,Fake,6,4,2,0.83,KEEP,
ID000067,Charlton-Heston,01.jpg,Real,6,6,0,1.0,KEEP,
ID000067,Charlton-Heston,02.jpg,Fake,6,1,5,0.5,DISCARD,
ID000067,Charlton-Heston,02.jpg,Real,6,6,0,1.0,KEEP,
ID000067,Charlton-Heston,03.jpg,Fake,6,1,5,0.67,DISCARD,
ID000067,Charlton-Heston,04.jpg,Fake,6,2,4,0.83,DISCARD,
ID000067,Charlton-Heston,05.jpg,Fake,6,0,6,0.33,DISCARD,
ID000067,Charlton-Heston,06.png,Fake,6,0,6,0.17,DISCARD,
ID000067,Charlton-Heston,07.png,Fake,6,1,5,0.17,DISCARD,
ID000067,Charlton-Heston,08.png,Fake,6,0,6,0.0,DISCARD,
ID000068,Chloe-Kim,01.jpg,Real,6,6,0,1.0,KEEP,
ID000068,Chloe-Kim,02.png,Fake,6,4,2,0.67,KEEP,
ID000068,Chloe-Kim,02.png,Real,6,6,0,1.0,KEEP,
ID000069,Chlo-Grace-Moretz,01.jpg,Fake,6,2,4,1.0,DISCARD,
ID000069,Chlo-Grace-Moretz,01.jpg,Real,6,6,0,1.0,KEEP,
ID000069,Chlo-Grace-Moretz,02.jpg,Fake,6,1,5,0.5,DISCARD,
ID000069,Chlo-Grace-Moretz,02.jpg,Real,6,6,0,1.0,KEEP,
ID000069,Chlo-Grace-Moretz,03.jpg,Fake,6,4,2,1.0,KEEP,
ID000069,Chlo-Grace-Moretz,03.jpg,Real,6,6,0,1.0,KEEP,
ID000069,Chlo-Grace-Moretz,04.jpg,Fake,6,3,3,0.83,TIE,
ID000069,Chlo-Grace-Moretz,05.jpg,Fake,6,1,5,0.67,DISCARD,
ID000069,Chlo-Grace-Moretz,06.jpg,Fake,6,2,4,1.0,DISCARD,
ID000070,Chris-Cooper,01.jpg,Real,6,6,0,1.0,KEEP,
ID000070,Chris-Cooper,02.png,Fake,6,1,5,0.17,DISCARD,
ID000070,Chris-Cooper,02.webp,Real,6,3,3,0.67,TIE,
ID000071,Chris-Tucker,01.jpg,Fake,6,0,6,0.0,DISCARD,
ID000071,Chris-Tucker,01.jpg,Real,6,6,0,1.0,KEEP,
ID000071,Chris-Tucker,02.jpg,Fake,6,0,6,0.0,DISCARD,
ID000072,Christian-Bale,01.jpg,Fake,6,3,3,0.67,TIE,
ID000072,Christian-Bale,01.jpg,Real,6,6,0,1.0,KEEP,
ID000072,Christian-Bale,02.jpg,Fake,6,1,5,0.33,DISCARD,
ID000072,Christian-Bale,03.jpg,Fake,6,2,4,0.5,DISCARD,
ID000072,Christian-Bale,04.jpg,Fake,6,0,6,0.17,DISCARD,
ID000072,Christian-Bale,05.jpg,Fake,6,5,1,0.83,KEEP,
ID000073,Christian-Clavier,01.jpg,Fake,6,2,4,0.33,DISCARD,
ID000073,Christian-Clavier,01.jpg,Real,6,6,0,1.0,KEEP,
ID000073,Christian-Clavier,02.jpg,Real,6,6,0,1.0,KEEP,
ID000074,Christopher-Walken,01.jpg,Fake,6,3,3,0.83,TIE,
ID000074,Christopher-Walken,01.jpg,Real,6,6,0,1.0,KEEP,
ID000074,Christopher-Walken,02.jpg,Real,6,4,2,0.67,KEEP,
ID000074,Christopher-Walken,03.jpg,Real,6,6,0,1.0,KEEP,
ID000074,Christopher-Walken,03.png,Fake,6,3,3,0.67,TIE,
ID000074,Christopher-Walken,04.jpg,Fake,6,1,5,0.5,DISCARD,
ID000074,Christopher-Walken,05.jpg,Fake,6,5,1,1.0,KEEP,
ID000075,Christopher-Nolan,01.jpg,Fake,6,1,5,0.17,DISCARD,
ID000075,Christopher-Nolan,01.jpg,Real,6,6,0,1.0,KEEP,
ID000075,Christopher-Nolan,02.jpg,Fake,6,4,2,0.67,KEEP,
ID000075,Christopher-Nolan,02.jpg,Real,6,6,0,1.0,KEEP,
ID000075,Christopher-Nolan,03.jpg,Fake,6,1,5,0.17,DISCARD,
ID000075,Christopher-Nolan,03.jpg,Real,6,5,1,0.83,KEEP,
ID000076,Clint-Eastwood,01.jpg,Real,6,4,2,0.67,KEEP,
ID000076,Clint-Eastwood,01.png,Fake,6,2,4,0.5,DISCARD,
ID000076,Clint-Eastwood,02.jpg,Fake,6,5,1,0.83,KEEP,
ID000076,Clint-Eastwood,02.jpg,Real,6,4,2,0.67,KEEP,
ID000076,Clint-Eastwood,03.jpg,Fake,6,5,1,1.0,KEEP,
ID000077,Colin-Farrell,01.jpg,Fake,6,2,4,0.33,DISCARD,
ID000077,Colin-Farrell,01.jpg,Real,6,6,0,1.0,KEEP,
ID000077,Colin-Farrell,02.jpg,Fake,6,2,4,0.33,DISCARD,
ID000077,Colin-Farrell,03.png,Fake,6,0,6,0.0,DISCARD,
ID000078,Cristanio-Ronaldo,01.jpg,Fake,6,3,3,0.83,TIE,
ID000078,Cristanio-Ronaldo,01.jpg,Real,6,6,0,1.0,KEEP,
ID000078,Cristanio-Ronaldo,02.jpg,Fake,6,0,6,0.33,DISCARD,
ID000078,Cristanio-Ronaldo,02.jpg,Real,6,6,0,1.0,KEEP,
ID000078,Cristanio-Ronaldo,03.jpg,Fake,6,3,3,0.83,TIE,
ID000078,Cristanio-Ronaldo,04.png,Fake,6,6,0,1.0,KEEP,
ID000079,Dan-Aykroyd,01.jpg,Fake,6,4,2,0.67,KEEP,
ID000079,Dan-Aykroyd,01.jpg,Real,6,6,0,1.0,KEEP,
ID000079,Dan-Aykroyd,02.jpg,Real,6,4,2,0.83,KEEP,
ID000080,Daniel-Day-Lewis,01.jpg,Fake,6,3,3,0.67,TIE,
ID000080,Daniel-Day-Lewis,01.jpg,Real,6,5,1,0.83,KEEP,
ID000080,Daniel-Day-Lewis,02.jpg,Fake,6,2,4,0.5,DISCARD,
ID000080,Daniel-Day-Lewis,02.jpg,Real,6,5,1,0.83,KEEP,
ID000080,Daniel-Day-Lewis,03.jpg,Fake,6,4,2,0.67,KEEP,
ID000081,Daniel-Radcliffe,01.jpg,Fake,6,4,2,1.0,KEEP,
ID000081,Daniel-Radcliffe,01.jpg,Real,6,6,0,1.0,KEEP,
ID000081,Daniel-Radcliffe,02.jpg,Fake,6,2,4,1.0,DISCARD,
ID000081,Daniel-Radcliffe,02.jpg,Real,6,6,0,1.0,KEEP,
ID000081,Daniel-Radcliffe,03.jpg,Fake,6,2,4,0.83,DISCARD,
ID000081,Daniel-Radcliffe,04.jpg,Fake,6,3,3,1.0,TIE,
ID000081,Daniel-Radcliffe,05.jpg,Fake,6,0,6,0.33,DISCARD,
ID000081,Daniel-Radcliffe,06.jpg,Fake,6,3,3,1.0,TIE,
ID000082,Dasun-Shanaka,01.webp,Real,6,6,0,1.0,KEEP,
ID000082,Dasun-Shanaka,02.png,Real,6,6,0,1.0,KEEP,
ID000082,Dasun-Shanaka,1.png,Fake,6,6,0,1.0,KEEP,
ID000083,David-Arquette,01.jpg,Fake,6,2,4,0.33,DISCARD,
ID000083,David-Arquette,01.jpg,Real,6,6,0,1.0,KEEP,
ID000083,David-Arquette,02.jpg,Fake,6,0,6,0.0,DISCARD,
ID000083,David-Arquette,03.jpg,Fake,6,0,6,0.0,DISCARD,
ID000084,David-Miller,01.jpg,Fake,6,1,5,0.17,DISCARD,
ID000084,David-Miller,01.png,Real,6,6,0,1.0,KEEP,
ID000084,David-Miller,02.jpg,Fake,6,5,1,0.83,KEEP,
ID000085,Demet-Özdemir,01.jpg,Fake,6,4,2,0.67,KEEP,
ID000085,Demet-Özdemir,01.jpg,Real,6,6,0,1.0,KEEP,
ID000085,Demet-Özdemir,02.jpg,Real,6,5,1,0.83,KEEP,
ID000085,Demet-Özdemir,02.png,Fake,6,5,1,1.0,KEEP,
ID000086,Derrick-Henry,01.jpg,Fake,6,4,2,0.67,KEEP,
ID000086,Derrick-Henry,01.png,Real,6,6,0,1.0,KEEP,
ID000086,Derrick-Henry,02.jpg,Fake,6,5,1,0.83,KEEP,
ID000087,Devon-Conway,01.png,Real,6,4,2,0.67,KEEP,
ID000087,Devon-Conway,02.webp,Real,6,6,0,1.0,KEEP,
ID000087,Devon-Conway,1.jpg,Fake,6,4,2,0.67,KEEP,
ID000088,Diane-Kruger,01.jpg,Fake,6,0,6,0.83,DISCARD,
ID000088,Diane-Kruger,01.jpg,Real,6,6,0,1.0,KEEP,
ID000088,Diane-Kruger,02.jpg,Fake,6,3,3,1.0,TIE,
ID000088,Diane-Kruger,02.jpg,Real,6,6,0,1.0,KEEP,
ID000088,Diane-Kruger,03.jpg,Fake,6,1,5,0.67,DISCARD,
ID000088,Diane-Kruger,04.jpg,Fake,6,2,4,0.83,DISCARD,
ID000088,Diane-Kruger,05.jpg,Fake,6,2,4,0.67,DISCARD,
ID000088,Diane-Kruger,06.jpg,Fake,6,1,5,0.83,DISCARD,
ID000088,Diane-Kruger,07.png,Fake,6,1,5,0.5,DISCARD,
ID000088,Diane-Kruger,08.png,Fake,6,3,3,1.0,TIE,
ID000089,Diane-Lane,01.jpg,Fake,6,1,5,0.33,DISCARD,
ID000089,Diane-Lane,01.jpg,Real,6,6,0,1.0,KEEP,
ID000089,Diane-Lane,02.jpg,Fake,6,3,3,0.67,TIE,
ID000089,Diane-Lane,03.jpg,Fake,6,0,6,0.33,DISCARD,
ID000089,Diane-Lane,04.jpg,Fake,6,3,3,0.5,TIE,
ID000090,Domhnall-Gleeson,01.jpg,Fake,6,0,6,0.0,DISCARD,
ID000090,Domhnall-Gleeson,01.jpg,Real,6,5,1,0.83,KEEP,
ID000090,Domhnall-Gleeson,02.jpg,Fake,6,3,3,1.0,TIE,
ID000090,Domhnall-Gleeson,02.jpg,Real,6,6,0,1.0,KEEP,
ID000090,Domhnall-Gleeson,03.jpg,Fake,6,5,1,1.0,KEEP,
ID000090,Domhnall-Gleeson,04.jpg,Fake,6,4,2,0.83,KEEP,
ID000090,Domhnall-Gleeson,05.jpg,Fake,6,0,6,0.17,DISCARD,
ID000090,Domhnall-Gleeson,06.jpg,Fake,6,3,3,0.67,TIE,
ID000091,Dustin-Hoffman,01.jpg,Fake,6,1,5,0.17,DISCARD,
ID000091,Dustin-Hoffman,01.jpg,Real,6,6,0,1.0,KEEP,
ID000091,Dustin-Hoffman,02.jpg,Fake,6,0,6,0.0,DISCARD,
ID000092,Dwayne-Johnson,01.png,Real,6,6,0,1.0,KEEP,
ID000092,Dwayne-Johnson,02.jpg,Real,6,6,0,1.0,KEEP,
ID000092,Dwayne-Johnson,02.png,Fake,6,3,3,0.83,TIE,
ID000092,Dwayne-Johnson,03.jpg,Fake,6,2,4,0.83,DISCARD,
ID000092,Dwayne-Johnson,04.jpg,Fake,6,5,1,1.0,KEEP,
ID000092,Dwayne-Johnson,05.jpg,Fake,6,2,4,0.67,DISCARD,
ID000093,Dylan-O,01.jpg,Fake,6,5,1,0.83,KEEP,
ID000093,Dylan-O,01.jpg,Real,6,6,0,1.0,KEEP,
ID000093,Dylan-O,02.jpg,Fake,6,6,0,1.0,KEEP,
ID000093,Dylan-O,03.jpg,Fake,6,0,6,0.0,DISCARD,
ID000094,Dylan-Dreyer,01.jpg,Fake,6,3,3,0.67,TIE,
ID000094,Dylan-Dreyer,01.jpg,Real,6,6,0,1.0,KEEP,
ID000094,Dylan-Dreyer,images (1).jpg,Fake,6,5,1,1.0,KEEP,
ID000094,Dylan-Dreyer,images.jpg,Fake,6,4,2,0.83,KEEP,
ID000096,Elizabeth-Banks,01.jpg,Fake,6,1,5,0.33,DISCARD,
ID000096,Elizabeth-Banks,01.jpg,Real,6,6,0,1.0,KEEP,
ID000096,Elizabeth-Banks,02.jpg,Fake,6,5,1,0.83,KEEP,
ID000096,Elizabeth-Banks,02.jpg,Real,6,6,0,1.0,KEEP,
ID000096,Elizabeth-Banks,03.jpg,Fake,6,1,5,0.17,DISCARD,
ID000096,Elizabeth-Banks,04.jpg,Fake,6,0,6,0.0,DISCARD,
ID000097,Elizabeth-Taylor,01.jpg,Real,6,6,0,1.0,KEEP,
ID000097,Elizabeth-Taylor,02.jpg,Fake,6,5,1,0.83,KEEP,
ID000097,Elizabeth-Taylor,02.jpg,Real,6,6,0,1.0,KEEP,
ID000098,Ellyse-Perry,01.jpg,Real,6,6,0,1.0,KEEP,
ID000098,Ellyse-Perry,02.jpg,Real,6,5,1,0.83,KEEP,
ID000098,Ellyse-Perry,1.jpg,Fake,6,2,4,0.33,DISCARD,
ID000098,Ellyse-Perry,2.jpg,Fake,6,5,1,0.83,KEEP,
ID000098,Ellyse-Perry,3.jpg,Fake,6,3,3,0.5,TIE,
ID000099,Elon-Musk,01.jpg,Fake,6,3,3,0.67,TIE,
ID000099,Elon-Musk,01.png,Real,6,6,0,1.0,KEEP,
ID000099,Elon-Musk,02.png,Fake,6,1,5,0.67,DISCARD,
ID000099,Elon-Musk,03.jpg,Fake,6,3,3,0.83,TIE,
ID000099,Elon-Musk,03.png,Fake,6,5,1,1.0,KEEP,
ID000100,Emily-Blunt,01.jpg,Fake,6,2,4,0.67,DISCARD,
ID000100,Emily-Blunt,01.jpg,Real,6,6,0,1.0,KEEP,
ID000100,Emily-Blunt,02.jpg,Fake,6,4,2,0.83,KEEP,
ID000100,Emily-Blunt,03.jpg,Fake,6,2,4,0.67,DISCARD,
ID000100,Emily-Blunt,04.jpg,Fake,6,5,1,1.0,KEEP,
ID000101,Emma-Roberts,01.jpg,Fake,6,4,2,0.83,KEEP,
ID000101,Emma-Roberts,01.jpg,Real,6,6,0,1.0,KEEP,
ID000101,Emma-Roberts,02.jpg,Fake,6,2,4,0.5,DISCARD,
ID000101,Emma-Roberts,02.jpg,Real,6,6,0,1.0,KEEP,
ID000101,Emma-Roberts,04.jpg,Fake,6,3,3,1.0,TIE,
ID000101,Emma-Roberts,05.jpg,Fake,6,4,2,0.67,KEEP,
ID000103,Emma-Watson,01.jpg,Fake,6,2,4,1.0,DISCARD,
ID000103,Emma-Watson,01.jpg,Real,6,6,0,1.0,KEEP,
ID000103,Emma-Watson,02.jpg,Fake,6,2,4,0.83,DISCARD,
ID000103,Emma-Watson,02.jpg,Real,6,6,0,1.0,KEEP,
ID000103,Emma-Watson,02.png,Fake,6,1,5,1.0,DISCARD,
ID000103,Emma-Watson,03.jpg,Fake,6,1,5,0.5,DISCARD,
ID000103,Emma-Watson,03.jpg,Real,6,6,0,1.0,KEEP,
ID000103,Emma-Watson,04.jpg,Fake,6,3,3,0.83,TIE,
ID000103,Emma-Watson,05.jpg,Fake,6,0,6,0.83,DISCARD,
ID000103,Emma-Watson,56.png,Fake,6,5,1,1.0,KEEP,
ID000104,Emma-Mackey,01.jpg,Fake,6,1,5,0.17,DISCARD,
ID000104,Emma-Mackey,01.jpg,Real,6,6,0,1.0,KEEP,
ID000104,Emma-Mackey,02.jpg,Fake,6,3,3,1.0,TIE,
ID000104,Emma-Mackey,02.jpg,Real,6,6,0,1.0,KEEP,
ID000104,Emma-Mackey,03.jpg,Fake,6,1,5,0.33,DISCARD,
ID000104,Emma-Mackey,04.jpg,Fake,6,4,2,1.0,KEEP,
ID000104,Emma-Mackey,05.jpg,Fake,6,0,6,0.5,DISCARD,
ID000104,Emma-Mackey,06.png,Fake,6,3,3,1.0,TIE,
ID000105,Engin Altan,01.jpg,Fake,6,1,5,0.17,DISCARD,
ID000105,Engin Altan,01.jpg,Real,6,5,1,0.83,KEEP,
ID000105,Engin Altan,01.png,Fake,6,6,0,1.0,KEEP,
ID000105,Engin Altan,02.jpg,Fake,6,1,5,0.17,DISCARD,
ID000105,Engin Altan,02.jpg,Real,6,6,0,1.0,KEEP,
ID000105,Engin Altan,03.jpg,Real,6,5,1,0.83,KEEP,
ID000106,Eric-Bana,01.jpg,Fake,6,2,4,0.67,DISCARD,
ID000106,Eric-Bana,01.jpg,Real,6,6,0,1.0,KEEP,
ID000106,Eric-Bana,02.jpg,Real,6,6,0,1.0,KEEP,
ID000106,Eric-Bana,02.png,Fake,6,2,4,0.67,DISCARD,
ID000106,Eric-Bana,03.png,Fake,6,2,4,0.67,DISCARD,
ID000106,Eric-Bana,04.png,Fake,6,2,4,0.67,DISCARD,
ID000107,Ethan-Hawke,01.jpg,Fake,6,3,3,0.83,TIE,
ID000107,Ethan-Hawke,01.jpg,Real,6,6,0,1.0,KEEP,
ID000107,Ethan-Hawke,02.jpg,Fake,6,1,5,0.5,DISCARD,
ID000107,Ethan-Hawke,02.jpg,Real,6,6,0,1.0,KEEP,
ID000107,Ethan-Hawke,03.jpg,Fake,6,0,6,0.0,DISCARD,
ID000107,Ethan-Hawke,04.jpg,Fake,6,3,3,0.67,TIE,
ID000107,Ethan-Hawke,05.jpg,Fake,6,3,3,1.0,TIE,
ID000108,Eugenio-Derbez,01.jpg,Fake,6,0,6,0.17,DISCARD,
ID000108,Eugenio-Derbez,01.png,Real,6,5,1,0.83,KEEP,
ID000108,Eugenio-Derbez,02.jpg,Fake,6,1,5,0.33,DISCARD,
ID000108,Eugenio-Derbez,02.jpg,Real,6,6,0,1.0,KEEP,
ID000108,Eugenio-Derbez,03.jpg,Fake,6,4,2,0.83,KEEP,
ID000108,Eugenio-Derbez,03.jpg,Real,6,6,0,1.0,KEEP,
ID000108,Eugenio-Derbez,04.png,Fake,6,4,2,0.67,KEEP,
ID000109,Eva-Green,01.jpg,Fake,6,6,0,1.0,KEEP,
ID000109,Eva-Green,01.jpg,Real,6,6,0,1.0,KEEP,
ID000109,Eva-Green,02.jpg,Fake,6,6,0,1.0,KEEP,
ID000110,Eva-Mendes,01.jpg,Fake,6,6,0,1.0,KEEP,
ID000110,Eva-Mendes,01.jpg,Real,6,6,0,1.0,KEEP,
ID000110,Eva-Mendes,02.jpg,Fake,6,6,0,1.0,KEEP,
ID000110,Eva-Mendes,02.jpg,Real,6,6,0,1.0,KEEP,
ID000110,Eva-Mendes,03.jpg,Fake,6,5,1,0.83,KEEP,
ID000111,Ewan-McGregor,01.jpg,Fake,6,5,1,0.83,KEEP,
ID000111,Ewan-McGregor,01.jpg,Real,6,6,0,1.0,KEEP,
ID000111,Ewan-McGregor,02.jpg,Real,6,6,0,1.0,KEEP,
ID000111,Ewan-McGregor,03.jpg,Real,6,5,1,0.83,KEEP,
ID000112,Fawad-Khan,01.jpg,Fake,6,3,3,0.83,TIE,
ID000112,Fawad-Khan,01.jpg,Real,6,6,0,1.0,KEEP,
ID000112,Fawad-Khan,02.jpg,Real,6,6,0,1.0,KEEP,
ID000112,Fawad-Khan,02.png,Fake,6,6,0,1.0,KEEP,
ID000113,Faye-Dunaway,01.jpg,Real,6,6,0,1.0,KEEP,
ID000113,Faye-Dunaway,03.jpg,Fake,6,5,1,0.83,KEEP,
ID000113,Faye-Dunaway,04.jpg,Fake,6,5,1,0.83,KEEP,
ID000114,Florian-Wirtz,01.jpg,Fake,6,1,5,0.33,DISCARD,
ID000114,Florian-Wirtz,01.jpg,Real,6,6,0,1.0,KEEP,
ID000114,Florian-Wirtz,02.jpg,Fake,6,1,5,0.67,DISCARD,
ID000114,Florian-Wirtz,03.jpg,Fake,6,1,5,0.17,DISCARD,
ID000114,Florian-Wirtz,04.jpg,Fake,6,3,3,0.67,TIE,
ID000114,Florian-Wirtz,05.jpg,Fake,6,5,1,1.0,KEEP,
ID000114,Florian-Wirtz,1.jpg,Real,6,6,0,1.0,KEEP,
ID000116,G-Dragon,01.jpg,Fake,6,2,4,0.33,DISCARD,
ID000116,G-Dragon,01.jpg,Real,6,6,0,1.0,KEEP,
ID000116,G-Dragon,02.jpg,Real,6,6,0,1.0,KEEP,
ID000116,G-Dragon,02.png,Fake,6,6,0,1.0,KEEP,
ID000116,G-Dragon,03.jpg,Real,6,4,2,0.67,KEEP,
ID000117,Gabriel-Boric,01.jpg,Real,6,6,0,1.0,KEEP,
ID000117,Gabriel-Boric,01.png,Fake,6,5,1,0.83,KEEP,
ID000117,Gabriel-Boric,02.jpg,Real,6,6,0,1.0,KEEP,
ID000118,Gene-Hackman,01.jpg,Fake,6,3,3,0.5,TIE,
ID000118,Gene-Hackman,01.jpg,Real,6,4,2,0.67,KEEP,
ID000118,Gene-Hackman,02.jpg,Fake,6,2,4,0.33,DISCARD,
ID000118,Gene-Hackman,02.jpg,Real,6,4,2,0.67,KEEP,
ID000118,Gene-Hackman,03.jpg,Fake,6,4,2,0.67,KEEP,
ID000118,Gene-Hackman,03.jpg,Real,6,4,2,0.83,KEEP,
ID000118,Gene-Hackman,04.png,Fake,6,1,5,0.17,DISCARD,
ID000118,Gene-Hackman,05.png,Fake,6,0,6,0.0,DISCARD,
ID000118,Gene-Hackman,06.png,Fake,6,2,4,0.33,DISCARD,
ID000119,Gene-Wilder,01.jpg,Fake,6,6,0,1.0,KEEP,
ID000119,Gene-Wilder,01.jpg,Real,6,6,0,1.0,KEEP,
ID000119,Gene-Wilder,02.jpg,Fake,6,6,0,1.0,KEEP,
ID000119,Gene-Wilder,02.jpg,Real,6,6,0,1.0,KEEP,
ID000119,Gene-Wilder,03.jpg,Real,6,6,0,1.0,KEEP,
ID000121,George-Clooney,01.jpg,Fake,6,4,2,0.83,KEEP,
ID000121,George-Clooney,01.jpg,Real,6,6,0,1.0,KEEP,
ID000121,George-Clooney,02.jpg,Fake,6,3,3,0.67,TIE,
ID000121,George-Clooney,02.jpg,Real,6,6,0,1.0,KEEP,
ID000121,George-Clooney,03.jpg,Fake,6,2,4,0.33,DISCARD,
ID000121,George-Clooney,03.png,Real,6,6,0,1.0,KEEP,
ID000121,George-Clooney,04.jpg,Fake,6,5,1,1.0,KEEP,
ID000121,George-Clooney,05.jpg,Fake,6,2,4,0.83,DISCARD,
ID000122,Gerard-Butler,01.jpg,Fake,6,4,2,0.83,KEEP,
ID000122,Gerard-Butler,01.jpg,Real,6,6,0,1.0,KEEP,
ID000122,Gerard-Butler,02.jpg,Fake,6,3,3,0.83,TIE,
ID000122,Gerard-Butler,02.jpg,Real,6,6,0,1.0,KEEP,
ID000122,Gerard-Butler,05.jpg,Fake,6,1,5,0.33,DISCARD,
ID000122,Gerard-Butler,06.jpg,Fake,6,1,5,0.33,DISCARD,
ID000122,Gerard-Butler,07.jpg,Fake,6,0,6,0.33,DISCARD,
ID000122,Gerard-Butler,08.jpg,Fake,6,2,4,0.5,DISCARD,
ID000123,Giorgia-Meloni,01.jpg,Fake,6,1,5,0.17,DISCARD,
ID000123,Giorgia-Meloni,01.jpg,Real,6,6,0,1.0,KEEP,
ID000123,Giorgia-Meloni,02.jpg,Fake,6,5,1,1.0,KEEP,
ID000123,Giorgia-Meloni,02.jpg,Real,6,6,0,1.0,KEEP,
ID000123,Giorgia-Meloni,03.png,Fake,6,3,3,0.5,TIE,
ID000124,Glenn-Close,01.jpg,Fake,6,2,4,0.83,DISCARD,
ID000124,Glenn-Close,01.jpg,Real,6,6,0,1.0,KEEP,
ID000124,Glenn-Close,02.jpg,Fake,6,2,4,0.83,DISCARD,
ID000124,Glenn-Close,02.jpg,Real,6,6,0,1.0,KEEP,
ID000124,Glenn-Close,03.jpg,Fake,6,4,2,0.67,KEEP,
ID000124,Glenn-Close,03.jpg,Real,6,4,2,0.67,KEEP,
ID000124,Glenn-Close,04.jpg,Fake,6,2,4,0.67,DISCARD,
ID000124,Glenn-Close,05.png,Fake,6,0,6,0.0,DISCARD,
ID000125,Glenn-Maxwell,01.jpg,Real,6,6,0,1.0,KEEP,
ID000125,Glenn-Maxwell,02.png,Real,6,5,1,0.83,KEEP,
ID000125,Glenn-Maxwell,1.jpg,Fake,6,3,3,0.5,TIE,
ID000127,Gregory-Peck,01.jpg,Fake,6,4,2,0.67,KEEP,
ID000127,Gregory-Peck,01.jpg,Real,6,5,1,0.83,KEEP,
ID000127,Gregory-Peck,02.png,Fake,6,1,5,0.33,DISCARD,
ID000127,Gregory-Peck,03.png,Fake,6,3,3,0.67,TIE,
ID000128,Guy-Pearce,01.jpg,Fake,6,2,4,0.5,DISCARD,
ID000128,Guy-Pearce,01.jpg,Real,6,5,1,0.83,KEEP,
ID000128,Guy-Pearce,03.jpg,Fake,6,1,5,0.33,DISCARD,
ID000128,Guy-Pearce,05.jpg,Fake,6,4,2,0.83,KEEP,
ID000128,Guy-Pearce,06.png,Fake,6,0,6,0.17,DISCARD,
ID000128,Guy-Pearce,07.png,Fake,6,0,6,0.17,DISCARD,
ID000128,Guy-Pearce,08.png,Fake,6,1,5,0.17,DISCARD,
ID000129,Grard-Depardieu,01.jpg,Fake,6,5,1,0.83,KEEP,
ID000129,Grard-Depardieu,01.jpg,Real,6,6,0,1.0,KEEP,
ID000129,Grard-Depardieu,02.jpg,Fake,6,0,6,0.0,DISCARD,
ID000129,Grard-Depardieu,03.jpg,Fake,6,6,0,1.0,KEEP,
ID000129,Grard-Depardieu,04.png,Fake,6,3,3,0.5,TIE,
ID000130,Hadika-Kyani,01.jpg,Real,6,6,0,1.0,KEEP,
ID000130,Hadika-Kyani,01.png,Fake,6,6,0,1.0,KEEP,
ID000131,Halle-Berry,01.jpg,Fake,6,1,5,0.17,DISCARD,
ID000131,Halle-Berry,01.jpg,Real,6,6,0,1.0,KEEP,
ID000131,Halle-Berry,02.jpg,Fake,6,6,0,1.0,KEEP,
ID000131,Halle-Berry,02.jpg,Real,6,6,0,1.0,KEEP,
ID000131,Halle-Berry,03.jpg,Fake,6,3,3,0.83,TIE,
ID000132,Hande-Ercel,01.jpg,Fake,6,6,0,1.0,KEEP,
ID000132,Hande-Ercel,01.jpg,Real,6,5,1,0.83,KEEP,
ID000132,Hande-Ercel,02.jpg,Fake,6,3,3,0.5,TIE,
ID000132,Hande-Ercel,02.jpg,Real,6,6,0,1.0,KEEP,
ID000132,Hande-Ercel,04.png,Fake,6,6,0,1.0,KEEP,
ID000133,Hania-Amir,01.jpg,Fake,6,5,1,0.83,KEEP,
ID000133,Hania-Amir,01.jpg,Real,6,6,0,1.0,KEEP,
ID000133,Hania-Amir,02.jpg,Fake,6,3,3,0.67,TIE,
ID000133,Hania-Amir,02.jpg,Real,6,6,0,1.0,KEEP,
ID000133,Hania-Amir,03.jpg,Fake,6,0,6,0.0,DISCARD,
ID000133,Hania-Amir,03.png,Real,6,3,3,0.67,TIE,
ID000133,Hania-Amir,04.jpg,Fake,6,0,6,0.0,DISCARD,
ID000133,Hania-Amir,05.png,Fake,6,4,2,0.83,KEEP,
ID000134,Hannah-Stocking,01.jpg,Fake,6,0,6,0.17,DISCARD,
ID000134,Hannah-Stocking,01.png,Real,6,6,0,1.0,KEEP,
ID000134,Hannah-Stocking,02.jpg,Fake,6,0,6,0.17,DISCARD,
ID000134,Hannah-Stocking,02.jpg,Real,6,6,0,1.0,KEEP,
ID000134,Hannah-Stocking,03.jpg,Fake,6,6,0,1.0,KEEP,
ID000134,Hannah-Stocking,04.jpg,Fake,6,0,6,0.0,DISCARD,
ID000135,Hardik-Panday,01.jpg,Real,6,6,0,1.0,KEEP,
ID000135,Hardik-Panday,1.png,Fake,6,3,3,0.5,TIE,
ID000135,Hardik-Panday,2.jpg,Fake,6,2,4,0.5,DISCARD,
ID000136,Harry-Kane,01.jpg,Fake,6,5,1,1.0,KEEP,
ID000136,Harry-Kane,01.jpg,Real,6,6,0,1.0,KEEP,
ID000136,Harry-Kane,03.png,Fake,6,5,1,0.83,KEEP,
ID000136,Harry-Kane,04.png,Fake,6,2,4,0.33,DISCARD,
ID000137,Heath-Ledger,01.jpg,Fake,6,3,3,0.83,TIE,
ID000137,Heath-Ledger,01.jpg,Real,6,6,0,1.0,KEEP,
ID000137,Heath-Ledger,02.jpg,Fake,6,0,6,0.5,DISCARD,
ID000137,Heath-Ledger,02.jpg,Real,6,6,0,1.0,KEEP,
ID000137,Heath-Ledger,03.jpg,Fake,6,1,5,0.33,DISCARD,
ID000137,Heath-Ledger,03.jpg,Real,6,6,0,1.0,KEEP,
ID000137,Heath-Ledger,04.jpg,Fake,6,4,2,0.83,KEEP,
ID000137,Heath-Ledger,05.jpg,Fake,6,3,3,0.83,TIE,
ID000138,Helen-Mirren,01.jpg,Fake,6,3,3,0.67,TIE,
ID000138,Helen-Mirren,01.jpg,Real,6,6,0,1.0,KEEP,
ID000138,Helen-Mirren,02.jpg,Fake,6,2,4,0.67,DISCARD,
ID000138,Helen-Mirren,02.jpg,Real,6,6,0,1.0,KEEP,
ID000138,Helen-Mirren,04.jpg,Fake,6,1,5,0.5,DISCARD,
ID000138,Helen-Mirren,05.jpg,Fake,6,5,1,0.83,KEEP,
ID000139,Helena-Bonham-Carter,01.jpg,Fake,6,2,4,0.67,DISCARD,
ID000139,Helena-Bonham-Carter,01.jpg,Real,6,6,0,1.0,KEEP,
ID000139,Helena-Bonham-Carter,02.jpg,Fake,6,3,3,0.83,TIE,
ID000139,Helena-Bonham-Carter,02.jpg,Real,6,6,0,1.0,KEEP,
ID000139,Helena-Bonham-Carter,03.jpg,Fake,6,1,5,0.17,DISCARD,
ID000139,Helena-Bonham-Carter,04.jpg,Fake,6,0,6,0.0,DISCARD,
ID000139,Helena-Bonham-Carter,05.jpg,Fake,6,3,3,0.83,TIE,
ID000139,Helena-Bonham-Carter,06.jpg,Fake,6,1,5,0.5,DISCARD,
ID000139,Helena-Bonham-Carter,07.jpg,Fake,6,0,6,0.0,DISCARD,
ID000139,Helena-Bonham-Carter,08.jpg,Fake,6,2,4,0.67,DISCARD,
ID000140,Hilary-Duff,01.jpg,Fake,6,6,0,1.0,KEEP,
ID000140,Hilary-Duff,01.jpg,Real,6,6,0,1.0,KEEP,
ID000140,Hilary-Duff,02.jpg,Fake,6,6,0,1.0,KEEP,
ID000140,Hilary-Duff,03.jpg,Fake,6,2,4,0.33,DISCARD,
ID000141,Hiroyuki-Sanada,01.jpg,Real,6,6,0,1.0,KEEP,
ID000141,Hiroyuki-Sanada,01.png,Fake,6,4,2,0.67,KEEP,
ID000141,Hiroyuki-Sanada,02.jpg,Fake,6,6,0,1.0,KEEP,
ID000141,Hiroyuki-Sanada,02.jpg,Real,6,5,1,0.83,KEEP,
ID000142,Holly-Hunter,01.jpg,Real,6,5,1,0.83,KEEP,
ID000142,Holly-Hunter,01.png,Fake,6,1,5,0.17,DISCARD,
ID000142,Holly-Hunter,02.jpg,Real,6,6,0,1.0,KEEP,
ID000143,Humphrey-Bogart,01.jpg,Fake,6,5,1,0.83,KEEP,
ID000143,Humphrey-Bogart,01.jpg,Real,6,6,0,1.0,KEEP,
ID000143,Humphrey-Bogart,02.jpg,Fake,6,4,2,0.67,KEEP,
ID000143,Humphrey-Bogart,02.jpg,Real,6,6,0,1.0,KEEP,
ID000143,Humphrey-Bogart,03.jpg,Real,6,6,0,1.0,KEEP,
ID000144,ID000582-Nicole-Kidman,01.jpg,Fake,6,0,6,0.5,DISCARD,
ID000144,ID000582-Nicole-Kidman,01.jpg,Real,6,6,0,1.0,KEEP,
ID000144,ID000582-Nicole-Kidman,02.jpg,Fake,6,4,2,1.0,KEEP,
ID000144,ID000582-Nicole-Kidman,02.png,Real,6,6,0,1.0,KEEP,
ID000144,ID000582-Nicole-Kidman,03.jpg,Fake,6,3,3,0.5,TIE,
ID000144,ID000582-Nicole-Kidman,04.jpg,Fake,6,0,6,0.17,DISCARD,
ID000144,ID000582-Nicole-Kidman,05.png,Fake,6,4,2,0.83,KEEP,
ID000145,IU,01.jpg,Fake,6,5,1,1.0,KEEP,
ID000145,IU,01.jpg,Real,6,6,0,1.0,KEEP,
ID000145,IU,02.jpg,Fake,6,3,3,0.83,TIE,
ID000145,IU,03.jpg,Fake,6,3,3,0.83,TIE,
ID000145,IU,04.jpg,Fake,6,3,3,1.0,TIE,
ID000146,Ibrahim-Traoré,01.jpg,Real,6,6,0,1.0,KEEP,
ID000146,Ibrahim-Traoré,02.jpg,Fake,6,5,1,0.83,KEEP,
ID000148,Imane-Anys-Pokimane,01.jpg,Fake,6,6,0,1.0,KEEP,
ID000148,Imane-Anys-Pokimane,01.jpg,Real,6,6,0,1.0,KEEP,
ID000148,Imane-Anys-Pokimane,02.jpg,Fake,6,3,3,0.5,TIE,
ID000149,Imran-Kahn,01.jpg,Fake,6,3,3,0.67,TIE,
ID000149,Imran-Kahn,01.jpg,Real,6,6,0,1.0,KEEP,
ID000149,Imran-Kahn,02.jpg,Real,6,6,0,1.0,KEEP,
ID000149,Imran-Kahn,03.jpg,Fake,6,1,5,0.33,DISCARD,
ID000149,Imran-Kahn,06.png,Fake,6,6,0,1.0,KEEP,
ID000150,Inde-Navarrette,01.jpg,Fake,6,0,6,0.0,DISCARD,
ID000150,Inde-Navarrette,01.jpg,Real,6,6,0,1.0,KEEP,
ID000150,Inde-Navarrette,02.jpg,Real,6,6,0,1.0,KEEP,
ID000150,Inde-Navarrette,02.png,Fake,6,0,6,0.0,DISCARD,
ID000150,Inde-Navarrette,03.jpg,Fake,6,6,0,1.0,KEEP,
ID000150,Inde-Navarrette,03.jpg,Real,6,4,2,0.83,KEEP,
ID000151,Ioan-Gruffudd,01.jpg,Fake,6,2,4,0.33,DISCARD,
ID000151,Ioan-Gruffudd,01.jpg,Real,6,6,0,1.0,KEEP,
ID000151,Ioan-Gruffudd,02.jpg,Fake,6,5,1,0.83,KEEP,
ID000151,Ioan-Gruffudd,02.jpg,Real,6,6,0,1.0,KEEP,
ID000152,Iqra-Kanwal,01.jpg,Real,6,6,0,1.0,KEEP,
ID000152,Iqra-Kanwal,02.jpg,Real,6,6,0,1.0,KEEP,
ID000152,Iqra-Kanwal,04.png,Fake,6,6,0,1.0,KEEP,
ID000153,Isabella-Gaze,01.jpg,Fake,6,0,6,0.0,DISCARD,
ID000153,Isabella-Gaze,01.webp,Real,6,6,0,1.0,KEEP,
ID000153,Isabella-Gaze,02.jpg,Fake,6,0,6,0.0,DISCARD,
ID000153,Isabella-Gaze,02.png,Real,6,5,1,1.0,KEEP,
ID000153,Isabella-Gaze,03.jpg,Real,6,6,0,1.0,KEEP,
ID000153,Isabella-Gaze,1.png,Fake,6,0,6,0.0,DISCARD,
ID000154,Ishan-Kishan,01.jpg,Real,6,6,0,1.0,KEEP,
ID000154,Ishan-Kishan,01.png,Real,6,5,1,0.83,KEEP,
ID000154,Ishan-Kishan,04.webp,Fake,6,3,3,0.67,TIE,
ID000154,Ishan-Kishan,images (1).jpg,Fake,6,4,2,0.67,KEEP,
ID000154,Ishan-Kishan,images (2).jpg,Real,6,6,0,1.0,KEEP,
ID000154,Ishan-Kishan,images.jpg,Fake,6,4,2,0.67,KEEP,
ID000154,Ishan-Kishan,photo-with-ishan-kishan-ipl-stadium-1-optimized.webp,Fake,6,1,5,0.33,DISCARD,
ID000155,Jack-Lemmon,01.jpg,Fake,6,2,4,0.5,DISCARD,
ID000155,Jack-Lemmon,01.jpg,Real,6,6,0,1.0,KEEP,
ID000155,Jack-Lemmon,02.jpg,Real,6,6,0,1.0,KEEP,
ID000155,Jack-Lemmon,02.png,Fake,6,6,0,1.0,KEEP,
ID000155,Jack-Lemmon,03.jpg,Real,6,6,0,1.0,KEEP,
ID000155,Jack-Lemmon,03.png,Fake,6,0,6,0.17,DISCARD,
ID000156,Jack-Nicholson,01.jpg,Fake,6,2,4,0.67,DISCARD,
ID000156,Jack-Nicholson,01.jpg,Real,6,6,0,1.0,KEEP,
ID000156,Jack-Nicholson,02.jpg,Fake,6,0,6,0.5,DISCARD,
ID000156,Jack-Nicholson,03.jpg,Fake,6,2,4,0.5,DISCARD,
ID000156,Jack-Nicholson,04.jpg,Fake,6,3,3,0.5,TIE,
ID000156,Jack-Nicholson,05.jpg,Fake,6,2,4,0.5,DISCARD,
ID000157,Jack-MA,01.jpg,Fake,6,2,4,0.5,DISCARD,
ID000157,Jack-MA,1.jpg,Fake,6,4,2,0.67,KEEP,
ID000157,Jack-MA,1.jpg,Real,6,6,0,1.0,KEEP,
ID000158,Jackie-Chan,01.jpg,Fake,6,2,4,0.67,DISCARD,
ID000158,Jackie-Chan,01.jpg,Real,6,6,0,1.0,KEEP,
ID000158,Jackie-Chan,02.jpg,Fake,6,1,5,0.33,DISCARD,
ID000158,Jackie-Chan,02.jpg,Real,6,6,0,1.0,KEEP,
ID000158,Jackie-Chan,03.jpg,Fake,6,4,2,0.83,KEEP,
ID000158,Jackie-Chan,03.jpg,Real,6,5,1,0.83,KEEP,
ID000158,Jackie-Chan,04.jpg,Fake,6,4,2,0.83,KEEP,
ID000159,Jake-Gyllenhaal,01.jpg,Fake,6,3,3,0.67,TIE,
ID000159,Jake-Gyllenhaal,01.jpg,Real,6,6,0,1.0,KEEP,
ID000159,Jake-Gyllenhaal,02.jpg,Fake,6,0,6,0.17,DISCARD,
ID000159,Jake-Gyllenhaal,02.jpg,Real,6,6,0,1.0,KEEP,
ID000159,Jake-Gyllenhaal,03.jpg,Fake,6,1,5,0.17,DISCARD,
ID000159,Jake-Gyllenhaal,04.jpg,Fake,6,0,6,0.17,DISCARD,
ID000160,James-Caan,01.jpg,Real,6,6,0,1.0,KEEP,
ID000160,James-Caan,01.png,Fake,6,0,6,0.0,DISCARD,
ID000160,James-Caan,02.png,Fake,6,0,6,0.0,DISCARD,
ID000161,Jamie-Lee-Curtis,01.jpg,Fake,6,5,1,1.0,KEEP,
ID000161,Jamie-Lee-Curtis,01.jpg,Real,6,6,0,1.0,KEEP,
ID000161,Jamie-Lee-Curtis,02.jpg,Fake,6,2,4,0.5,DISCARD,
ID000161,Jamie-Lee-Curtis,02.jpg,Real,6,6,0,1.0,KEEP,
ID000161,Jamie-Lee-Curtis,03.jpg,Fake,6,2,4,0.5,DISCARD,
ID000161,Jamie-Lee-Curtis,04.jpg,Fake,6,4,2,0.83,KEEP,
ID000162,Jason-Biggs,01.jpg,Fake,6,0,6,0.0,DISCARD,
ID000162,Jason-Biggs,01.jpg,Real,6,6,0,1.0,KEEP,
ID000162,Jason-Biggs,02.jpg,Fake,6,0,6,0.0,DISCARD,
ID000162,Jason-Biggs,03.jpg,Fake,6,0,6,0.0,DISCARD,
ID000163,Jason-Clarke,01.jpg,Real,6,5,1,0.83,KEEP,
ID000163,Jason-Clarke,01.png,Fake,6,0,6,0.0,DISCARD,
ID000163,Jason-Clarke,02.jpg,Real,6,5,1,0.83,KEEP,
ID000163,Jason-Clarke,02.png,Fake,6,0,6,0.0,DISCARD,
ID000163,Jason-Clarke,03.jpg,Real,6,6,0,1.0,KEEP,
ID000164,Jason-Statham,01.jpg,Fake,6,4,2,0.67,KEEP,
ID000164,Jason-Statham,01.jpg,Real,6,6,0,1.0,KEEP,
ID000166,Jean-Claude-Van-Damme,01.jpg,Fake,6,6,0,1.0,KEEP,
ID000166,Jean-Claude-Van-Damme,01.jpg,Real,6,6,0,1.0,KEEP,
ID000166,Jean-Claude-Van-Damme,02.jpg,Real,6,6,0,1.0,KEEP,
ID000166,Jean-Claude-Van-Damme,03.jpg,Real,6,5,1,0.83,KEEP,
ID000167,Jeff-Bridges,01.jpg,Real,6,5,1,0.83,KEEP,
ID000167,Jeff-Bridges,01.webp,Fake,6,4,2,0.67,KEEP,
ID000167,Jeff-Bridges,02.jpg,Fake,6,6,0,1.0,KEEP,
ID000167,Jeff-Bridges,02.jpg,Real,6,6,0,1.0,KEEP,
ID000167,Jeff-Bridges,03.jpg,Fake,6,3,3,0.5,TIE,
ID000168,Jenna-Ortega,01.jpg,Fake,6,1,5,0.5,DISCARD,
ID000168,Jenna-Ortega,01.jpg,Real,6,6,0,1.0,KEEP,
ID000168,Jenna-Ortega,02.jpg,Fake,6,0,6,0.17,DISCARD,
ID000168,Jenna-Ortega,02.jpg,Real,6,6,0,1.0,KEEP,
ID000168,Jenna-Ortega,03.jpg,Fake,6,6,0,1.0,KEEP,
ID000168,Jenna-Ortega,03.jpg,Real,6,6,0,1.0,KEEP,
ID000168,Jenna-Ortega,04.jpg,Fake,6,5,1,1.0,KEEP,
ID000168,Jenna-Ortega,05.jpg,Fake,6,4,2,0.83,KEEP,
ID000169,Jennie,01.jpg,Real,6,6,0,1.0,KEEP,
ID000169,Jennie,01.png,Fake,6,6,0,1.0,KEEP,
ID000169,Jennie,02.jpg,Fake,6,3,3,0.67,TIE,
ID000169,Jennie,02.jpg,Real,6,6,0,1.0,KEEP,
ID000169,Jennie,03.jpg,Real,6,6,0,1.0,KEEP,
ID000170,Jennifer-Aniston,01.jpg,Fake,6,5,1,0.83,KEEP,
ID000170,Jennifer-Aniston,01.jpg,Real,6,6,0,1.0,KEEP,
ID000170,Jennifer-Aniston,02.jpg,Real,6,6,0,1.0,KEEP,
ID000170,Jennifer-Aniston,03.jpg,Real,6,6,0,1.0,KEEP,
ID000171,Jennifer-Connelly,01.jpg,Fake,6,3,3,0.83,TIE,
ID000171,Jennifer-Connelly,01.png,Real,6,6,0,1.0,KEEP,
ID000171,Jennifer-Connelly,02.jpg,Fake,6,5,1,1.0,KEEP,
ID000171,Jennifer-Connelly,02.jpg,Real,6,6,0,1.0,KEEP,
ID000171,Jennifer-Connelly,03.jpg,Fake,6,3,3,0.5,TIE,
ID000171,Jennifer-Connelly,04.jpg,Fake,6,3,3,0.83,TIE,
ID000172,Jennifer-Garner,01.jpg,Fake,6,4,2,0.67,KEEP,
ID000172,Jennifer-Garner,01.jpg,Real,6,6,0,1.0,KEEP,
ID000172,Jennifer-Garner,02.jpg,Fake,6,0,6,0.0,DISCARD,
ID000172,Jennifer-Garner,02.jpg,Real,6,6,0,1.0,KEEP,
ID000173,Jennifer-Lopez,01.jpg,Fake,6,5,1,1.0,KEEP,
ID000173,Jennifer-Lopez,01.jpg,Real,6,6,0,1.0,KEEP,
ID000173,Jennifer-Lopez,02.png,Fake,6,4,2,1.0,KEEP,
ID000173,Jennifer-Lopez,03.jpg,Fake,6,3,3,0.83,TIE,
ID000174,Jessica-Alba,01.jpg,Fake,6,2,4,0.5,DISCARD,
ID000174,Jessica-Alba,01.jpg,Real,6,6,0,1.0,KEEP,
ID000174,Jessica-Alba,02.jpg,Fake,6,1,5,0.17,DISCARD,
ID000174,Jessica-Alba,02.jpg,Real,6,6,0,1.0,KEEP,
ID000174,Jessica-Alba,03.jpg,Fake,6,4,2,0.67,KEEP,
ID000174,Jessica-Alba,03.jpg,Real,6,6,0,1.0,KEEP,
ID000175,Jessica-Biel,01.jpg,Fake,6,3,3,0.83,TIE,
ID000175,Jessica-Biel,01.jpg,Real,6,6,0,1.0,KEEP,
ID000175,Jessica-Biel,02.jpg,Fake,6,1,5,0.83,DISCARD,
ID000175,Jessica-Biel,02.jpg,Real,6,6,0,1.0,KEEP,
ID000175,Jessica-Biel,03.jpg,Fake,6,3,3,0.83,TIE,
ID000175,Jessica-Biel,05.jpg,Fake,6,0,6,0.5,DISCARD,
ID000175,Jessica-Biel,07.jpg,Fake,6,3,3,1.0,TIE,
ID000175,Jessica-Biel,08.jpg,Fake,6,2,4,0.83,DISCARD,
ID000176,Jet-Li,01.jpg,Fake,6,5,1,0.83,KEEP,
ID000176,Jet-Li,01.jpg,Real,6,6,0,1.0,KEEP,
ID000176,Jet-Li,02.jpg,Real,6,6,0,1.0,KEEP,
ID000176,Jet-Li,02.png,Fake,6,6,0,1.0,KEEP,
ID000177,Jim-Carrey,01.jpg,Fake,6,2,4,0.5,DISCARD,
ID000177,Jim-Carrey,01.jpg,Real,6,6,0,1.0,KEEP,
ID000177,Jim-Carrey,02.jpg,Fake,6,4,2,0.67,KEEP,
ID000177,Jim-Carrey,02.jpg,Real,6,6,0,1.0,KEEP,
ID000177,Jim-Carrey,03.jpg,Fake,6,3,3,0.67,TIE,
ID000178,Jim-Parsons,01.jpg,Fake,6,0,6,0.17,DISCARD,
ID000178,Jim-Parsons,01.jpg,Real,6,6,0,1.0,KEEP,
ID000178,Jim-Parsons,02.jpg,Fake,6,4,2,0.67,KEEP,
ID000178,Jim-Parsons,02.jpg,Real,6,6,0,1.0,KEEP,
ID000178,Jim-Parsons,03.jpg,Fake,6,4,2,0.67,KEEP,
ID000178,Jim-Parsons,03.jpg,Real,6,6,0,1.0,KEEP,
ID000178,Jim-Parsons,04.jpg,Fake,6,5,1,0.83,KEEP,
ID000179,Jim-Sturgess,01.jpg,Fake,6,1,5,0.17,DISCARD,
ID000179,Jim-Sturgess,01.jpg,Real,6,6,0,1.0,KEEP,
ID000179,Jim-Sturgess,02.jpg,Real,6,6,0,1.0,KEEP,
ID000180,Joaquin-Phoenix,01.jpg,Fake,6,3,3,0.67,TIE,
ID000180,Joaquin-Phoenix,01.jpg,Real,6,6,0,1.0,KEEP,
ID000180,Joaquin-Phoenix,02.jpg,Fake,6,3,3,0.83,TIE,
ID000180,Joaquin-Phoenix,03.jpg,Fake,6,3,3,0.67,TIE,
ID000180,Joaquin-Phoenix,04.png,Fake,6,3,3,0.67,TIE,
ID000180,Joaquin-Phoenix,05.jpg,Fake,6,2,4,0.83,DISCARD,
ID000181,Jodie-Foster,01.jpg,Fake,6,0,6,0.17,DISCARD,
ID000181,Jodie-Foster,01.jpg,Real,6,6,0,1.0,KEEP,
ID000181,Jodie-Foster,02.jpg,Fake,6,4,2,0.83,KEEP,
ID000181,Jodie-Foster,03.jpg,Fake,6,0,6,0.33,DISCARD,
ID000181,Jodie-Foster,04.jpg,Fake,6,3,3,0.83,TIE,
ID000181,Jodie-Foster,05.jpg,Fake,6,4,2,0.67,KEEP,
ID000181,Jodie-Foster,06.jpg,Fake,6,1,5,0.17,DISCARD,
ID000182,John-Cusack,01.jpg,Fake,6,5,1,0.83,KEEP,
ID000182,John-Cusack,01.jpg,Real,6,6,0,1.0,KEEP,
ID000182,John-Cusack,02.jpg,Fake,6,1,5,0.17,DISCARD,
ID000182,John-Cusack,02.jpg,Real,6,6,0,1.0,KEEP,
ID000182,John-Cusack,03.jpg,Fake,6,1,5,0.17,DISCARD,
ID000182,John-Cusack,04.jpg,Fake,6,0,6,0.0,DISCARD,
ID000183,John-Leguizamo,01.jpg,Fake,6,2,4,0.5,DISCARD,
ID000183,John-Leguizamo,01.jpg,Real,6,6,0,1.0,KEEP,
ID000183,John-Leguizamo,02.jpg,Fake,6,0,6,0.0,DISCARD,
ID000183,John-Leguizamo,02.jpg,Real,6,6,0,1.0,KEEP,
ID000184,John-Malkovich,01.jpg,Real,6,6,0,1.0,KEEP,
ID000184,John-Malkovich,01.png,Fake,6,2,4,0.33,DISCARD,
ID000184,John-Malkovich,02.jpg,Fake,6,3,3,0.5,TIE,
ID000184,John-Malkovich,02.jpg,Real,6,6,0,1.0,KEEP,
ID000184,John-Malkovich,03.jpg,Fake,6,2,4,0.33,DISCARD,
ID000185,John-Terry,01.jpg,Fake,6,2,4,0.33,DISCARD,
ID000185,John-Terry,01.jpg,Real,6,6,0,1.0,KEEP,
ID000185,John-Terry,02.jpg,Real,6,6,0,1.0,KEEP,
ID000186,John-Travolta,01.jpg,Fake,6,2,4,0.5,DISCARD,
ID000186,John-Travolta,01.jpg,Real,6,4,2,0.67,KEEP,
ID000186,John-Travolta,02.jpg,Fake,6,0,6,0.0,DISCARD,
ID000186,John-Travolta,02.jpg,Real,6,5,1,0.83,KEEP,
ID000186,John-Travolta,03.jpg,Fake,6,2,4,0.33,DISCARD,
ID000186,John-Travolta,03.jpg,Real,6,6,0,1.0,KEEP,
ID000186,John-Travolta,05.jpg,Fake,6,1,5,0.33,DISCARD,
ID000186,John-Travolta,06.jpg,Fake,6,1,5,0.17,DISCARD,
ID000187,John-Wayne,01.jpg,Fake,6,3,3,0.83,TIE,
ID000187,John-Wayne,01.jpg,Real,6,6,0,1.0,KEEP,
ID000187,John-Wayne,02.jpg,Fake,6,0,6,0.17,DISCARD,
ID000187,John-Wayne,02.jpg,Real,6,6,0,1.0,KEEP,
ID000187,John-Wayne,03.jpg,Fake,6,0,6,0.17,DISCARD,
ID000187,John-Wayne,03.jpg,Real,6,6,0,1.0,KEEP,
ID000187,John-Wayne,04.jpg,Fake,6,5,1,0.83,KEEP,
ID000188,Johnny-Depp,01.jpg,Fake,6,6,0,1.0,KEEP,
ID000188,Johnny-Depp,01.jpg,Real,6,6,0,1.0,KEEP,
ID000188,Johnny-Depp,02.jpg,Real,6,6,0,1.0,KEEP,
ID000188,Johnny-Depp,03.jpg,Real,6,5,1,0.83,KEEP,
ID000189,Johnny-Knoxville,01.jpg,Fake,6,4,2,0.67,KEEP,
ID000189,Johnny-Knoxville,01.jpg,Real,6,5,1,0.83,KEEP,
ID000189,Johnny-Knoxville,02.jpg,Real,6,5,1,0.83,KEEP,
ID000190,Jon-Stewart,01.jpg,Real,6,6,0,1.0,KEEP,
ID000190,Jon-Stewart,11.png,Fake,6,3,3,0.5,TIE,
ID000191,Jonah-Hill,01.jpg,Real,6,6,0,1.0,KEEP,
ID000191,Jonah-Hill,01.png,Fake,6,0,6,0.0,DISCARD,
ID000191,Jonah-Hill,02.jpg,Real,6,6,0,1.0,KEEP,
ID000191,Jonah-Hill,03.jpg,Real,6,6,0,1.0,KEEP,
ID000192,Josh-Brolin,01.jpg,Real,6,6,0,1.0,KEEP,
ID000192,Josh-Brolin,01.png,Fake,6,1,5,0.17,DISCARD,
ID000192,Josh-Brolin,02.jpg,Fake,6,3,3,0.5,TIE,
ID000192,Josh-Brolin,03.jpg,Fake,6,3,3,0.5,TIE,
ID000192,Josh-Brolin,04.jpg,Fake,6,4,2,0.67,KEEP,
ID000193,Josh-Hartnett,01.jpg,Fake,6,4,2,0.67,KEEP,
ID000193,Josh-Hartnett,01.jpg,Real,6,6,0,1.0,KEEP,
ID000193,Josh-Hartnett,02.jpg,Fake,6,3,3,0.5,TIE,
ID000193,Josh-Hartnett,03.jpg,Fake,6,0,6,0.0,DISCARD,
ID000193,Josh-Hartnett,04.jpg,Fake,6,4,2,0.83,KEEP,
ID000194,Josh-Hutcherson,01.jpg,Fake,6,3,3,0.5,TIE,
ID000194,Josh-Hutcherson,01.jpg,Real,6,6,0,1.0,KEEP,
ID000194,Josh-Hutcherson,02.jpg,Fake,6,5,1,0.83,KEEP,
ID000194,Josh-Hutcherson,02.jpg,Real,6,6,0,1.0,KEEP,
ID000195,Josh-Inglis,01.jpg,Fake,6,4,2,0.67,KEEP,
ID000195,Josh-Inglis,01.png,Real,6,6,0,1.0,KEEP,
ID000195,Josh-Inglis,02.jpg,Fake,6,2,4,0.5,DISCARD,
ID000195,Josh-Inglis,02.png,Real,6,6,0,1.0,KEEP,
ID000196,Julianne-Moore,01.jpg,Fake,6,1,5,0.33,DISCARD,
ID000196,Julianne-Moore,01.jpg,Real,6,6,0,1.0,KEEP,
ID000196,Julianne-Moore,02.jpg,Fake,6,4,2,1.0,KEEP,
ID000196,Julianne-Moore,02.jpg,Real,6,6,0,1.0,KEEP,
ID000196,Julianne-Moore,03.jpg,Fake,6,4,2,1.0,KEEP,
ID000196,Julianne-Moore,03.jpg,Real,6,6,0,1.0,KEEP,
ID000196,Julianne-Moore,04.jpg,Fake,6,1,5,0.83,DISCARD,
ID000196,Julianne-Moore,05.jpg,Fake,6,4,2,1.0,KEEP,
ID000197,Juliette-Binoche,01.jpg,Fake,6,0,6,0.0,DISCARD,
ID000197,Juliette-Binoche,01.jpg,Real,6,6,0,1.0,KEEP,
ID000197,Juliette-Binoche,02.jpg,Fake,6,5,1,0.83,KEEP,
ID000197,Juliette-Binoche,03.jpg,Fake,6,5,1,0.83,KEEP,
ID000198,Jungkook,01.jpg,Fake,6,4,2,1.0,KEEP,
ID000198,Jungkook,01.png,Real,6,6,0,1.0,KEEP,
ID000198,Jungkook,02.jpg,Fake,6,3,3,0.67,TIE,
ID000198,Jungkook,02.jpg,Real,6,6,0,1.0,KEEP,
ID000198,Jungkook,03.jpg,Fake,6,2,4,0.67,DISCARD,
ID000198,Jungkook,04.png,Fake,6,3,3,0.83,TIE,
ID000199,Justin-Timberlake,01.jpg,Real,6,6,0,1.0,KEEP,
ID000199,Justin-Timberlake,02.jpg,Fake,6,2,4,0.33,DISCARD,
ID000199,Justin-Timberlake,02.png,Real,6,6,0,1.0,KEEP,
ID000199,Justin-Timberlake,03.jpg,Fake,6,3,3,0.5,TIE,
ID000199,Justin-Timberlake,03.jpg,Real,6,3,3,0.67,TIE,
ID000200,Justin-Trudeau,01.jpg,Fake,6,6,0,1.0,KEEP,
ID000200,Justin-Trudeau,01.jpg,Real,6,6,0,1.0,KEEP,
ID000200,Justin-Trudeau,02.jpg,Fake,6,2,4,0.67,DISCARD,
ID000200,Justin-Trudeau,03.jpg,Fake,6,4,2,0.83,KEEP,
ID000201,Kate-Beckinsale,01.jpg,Fake,6,3,3,0.67,TIE,
ID000201,Kate-Beckinsale,01.jpg,Real,6,6,0,1.0,KEEP,
ID000201,Kate-Beckinsale,02.jpg,Fake,6,0,6,0.0,DISCARD,
ID000201,Kate-Beckinsale,02.jpg,Real,6,6,0,1.0,KEEP,
ID000201,Kate-Beckinsale,03.jpg,Fake,6,5,1,0.83,KEEP,
ID000201,Kate-Beckinsale,04.jpg,Fake,6,0,6,0.0,DISCARD,
ID000202,Kate-Winslet,01.jpg,Fake,6,3,3,1.0,TIE,
ID000202,Kate-Winslet,01.jpg,Real,6,6,0,1.0,KEEP,
ID000202,Kate-Winslet,02.jpg,Fake,6,1,5,0.67,DISCARD,
ID000202,Kate-Winslet,02.jpg,Real,6,6,0,1.0,KEEP,
ID000202,Kate-Winslet,04.jpg,Fake,6,2,4,0.67,DISCARD,
ID000202,Kate-Winslet,05.jpg,Fake,6,4,2,1.0,KEEP,
ID000202,Kate-Winslet,06.png,Fake,6,4,2,1.0,KEEP,
ID000203,Katharine-Hepburn,01.jpg,Fake,6,3,3,0.83,TIE,
ID000203,Katharine-Hepburn,01.jpg,Real,6,6,0,1.0,KEEP,
ID000203,Katharine-Hepburn,02.jpg,Fake,6,2,4,0.83,DISCARD,
ID000203,Katharine-Hepburn,03.jpg,Fake,6,2,4,0.83,DISCARD,
ID000203,Katharine-Hepburn,04.jpg,Fake,6,4,2,1.0,KEEP,
ID000203,Katharine-Hepburn,05.jpg,Fake,6,1,5,0.33,DISCARD,
ID000203,Katharine-Hepburn,06.jpg,Fake,6,1,5,0.5,DISCARD,
ID000204,Kathy-Bates,01.jpg,Fake,6,3,3,0.5,TIE,
ID000204,Kathy-Bates,01.jpg,Real,6,6,0,1.0,KEEP,
ID000204,Kathy-Bates,02.jpg,Real,6,6,0,1.0,KEEP,
ID000204,Kathy-Bates,02.png,Fake,6,0,6,0.0,DISCARD,
ID000206,Keanu-Reeves,01.jpg,Fake,6,6,0,1.0,KEEP,
ID000206,Keanu-Reeves,01.jpg,Real,6,6,0,1.0,KEEP,
ID000206,Keanu-Reeves,02.jpg,Real,6,6,0,1.0,KEEP,
ID000206,Keanu-Reeves,02.png,Fake,6,6,0,1.0,KEEP,
ID000207,Keira-Knightley,01.jpg,Fake,6,3,3,1.0,TIE,
ID000207,Keira-Knightley,01.jpg,Real,6,6,0,1.0,KEEP,
ID000207,Keira-Knightley,02.jpg,Fake,6,3,3,1.0,TIE,
ID000207,Keira-Knightley,02.jpg,Real,6,6,0,1.0,KEEP,
ID000207,Keira-Knightley,03.jpg,Fake,6,5,1,1.0,KEEP,
ID000207,Keira-Knightley,03.png,Real,6,6,0,1.0,KEEP,
ID000207,Keira-Knightley,04.jpg,Fake,6,1,5,0.67,DISCARD,
ID000207,Keira-Knightley,05.jpg,Fake,6,2,4,1.0,DISCARD,
ID000207,Keira-Knightley,06.jpg,Fake,6,0,6,1.0,DISCARD,
ID000208,Kenan-Yildiz,01.jpg,Fake,6,1,5,0.17,DISCARD,
ID000208,Kenan-Yildiz,01.jpg,Real,6,6,0,1.0,KEEP,
ID000208,Kenan-Yildiz,02.jpg,Fake,6,5,1,1.0,KEEP,
ID000209,Kevin-Bacon,01.jpg,Fake,6,0,6,0.0,DISCARD,
ID000209,Kevin-Bacon,01.jpg,Real,6,6,0,1.0,KEEP,
ID000209,Kevin-Bacon,02.jpg,Fake,6,1,5,0.67,DISCARD,
ID000209,Kevin-Bacon,02.jpg,Real,6,6,0,1.0,KEEP,
ID000209,Kevin-Bacon,03.jpg,Real,6,6,0,1.0,KEEP,
ID000209,Kevin-Bacon,03.png,Fake,6,4,2,1.0,KEEP,
ID000209,Kevin-Bacon,04.png,Fake,6,3,3,0.83,TIE,
ID000209,Kevin-Bacon,05.png,Fake,6,4,2,0.83,KEEP,
ID000210,Kevin-Costner,01.jpg,Fake,6,2,4,0.33,DISCARD,
ID000210,Kevin-Costner,01.jpg,Real,6,6,0,1.0,KEEP,
ID000210,Kevin-Costner,02.jpg,Fake,6,3,3,0.5,TIE,
ID000210,Kevin-Costner,02.jpg,Real,6,6,0,1.0,KEEP,
ID000210,Kevin-Costner,03.jpg,Fake,6,1,5,0.33,DISCARD,
ID000212,Kevin-Spacey,01.jpg,Fake,6,4,2,0.83,KEEP,
ID000212,Kevin-Spacey,01.jpg,Real,6,6,0,1.0,KEEP,
ID000212,Kevin-Spacey,02.jpg,Real,6,6,0,1.0,KEEP,
ID000212,Kevin-Spacey,02.png,Fake,6,0,6,0.0,DISCARD,
ID000212,Kevin-Spacey,03.jpg,Real,6,6,0,1.0,KEEP,
ID000212,Kevin-Spacey,03.png,Fake,6,4,2,0.67,KEEP,
ID000213,Kevin-Xu,01.jpg,Fake,6,4,2,0.67,KEEP,
ID000213,Kevin-Xu,01.png,Real,6,4,2,0.67,KEEP,
ID000213,Kevin-Xu,01.webp,Real,6,3,3,0.5,TIE,
ID000213,Kevin-Xu,02.jpg,Real,6,6,0,1.0,KEEP,
ID000214,Kiefer-Sutherland,01.jpg,Fake,6,2,4,0.67,DISCARD,
ID000214,Kiefer-Sutherland,01.jpg,Real,6,6,0,1.0,KEEP,
ID000214,Kiefer-Sutherland,02.jpg,Fake,6,1,5,0.67,DISCARD,
ID000214,Kiefer-Sutherland,02.jpg,Real,6,6,0,1.0,KEEP,
ID000214,Kiefer-Sutherland,03.jpg,Fake,6,5,1,0.83,KEEP,
ID000214,Kiefer-Sutherland,04.jpg,Fake,6,3,3,1.0,TIE,
ID000214,Kiefer-Sutherland,05.jpg,Fake,6,3,3,0.67,TIE,
ID000215,Kim-Jong-Un,01.jpg,Fake,6,4,2,1.0,KEEP,
ID000215,Kim-Jong-Un,01.jpg,Real,6,6,0,1.0,KEEP,
ID000215,Kim-Jong-Un,02.jpg,Real,6,6,0,1.0,KEEP,
ID000215,Kim-Jong-Un,02.png,Fake,6,1,5,0.5,DISCARD,
ID000215,Kim-Jong-Un,03.jpg,Real,6,6,0,1.0,KEEP,
ID000215,Kim-Jong-Un,03.png,Fake,6,4,2,1.0,KEEP,
ID000215,Kim-Jong-Un,04.jpg,Fake,6,4,2,1.0,KEEP,
ID000216,Kirsten-Dunst,01.jpg,Fake,6,4,2,0.67,KEEP,
ID000216,Kirsten-Dunst,01.jpg,Real,6,6,0,1.0,KEEP,
ID000216,Kirsten-Dunst,02.jpg,Fake,6,0,6,0.0,DISCARD,
ID000216,Kirsten-Dunst,03.jpg,Fake,6,1,5,0.17,DISCARD,
ID000217,Kristen-Stewart,01.jpg,Fake,6,6,0,1.0,KEEP,
ID000217,Kristen-Stewart,01.jpg,Real,6,6,0,1.0,KEEP,
ID000217,Kristen-Stewart,02.jpg,Real,6,6,0,1.0,KEEP,
ID000217,Kristen-Stewart,03.jpg,Fake,6,2,4,0.5,DISCARD,
ID000218,Kristin-Scott-Thomas,01.jpg,Fake,6,6,0,1.0,KEEP,
ID000218,Kristin-Scott-Thomas,01.jpg,Real,6,6,0,1.0,KEEP,
ID000219,Kurt-Russell,01.jpg,Fake,6,4,2,0.67,KEEP,
ID000219,Kurt-Russell,01.jpg,Real,6,6,0,1.0,KEEP,
ID000219,Kurt-Russell,02.jpg,Fake,6,0,6,0.0,DISCARD,
ID000220,Lady-gagga,01.jpg,Real,6,6,0,1.0,KEEP,
ID000220,Lady-gagga,01.png,Fake,6,3,3,0.83,TIE,
ID000220,Lady-gagga,02.jpg,Fake,6,1,5,0.83,DISCARD,
ID000220,Lady-gagga,02.jpg,Real,6,6,0,1.0,KEEP,
ID000220,Lady-gagga,03.jpg,Fake,6,2,4,0.83,DISCARD,
ID000220,Lady-gagga,48.png,Fake,6,4,2,0.83,KEEP,
ID000221,Lamar-Jackson,01.jpg,Fake,6,1,5,0.17,DISCARD,
ID000221,Lamar-Jackson,01.png,Real,6,6,0,1.0,KEEP,
ID000221,Lamar-Jackson,02.jpg,Fake,6,1,5,0.17,DISCARD,
ID000222,Lamine-yaml,01.jpg,Real,6,6,0,1.0,KEEP,
ID000222,Lamine-yaml,5.jpg,Fake,6,6,0,1.0,KEEP,
ID000223,Laura-Wolvaardt,01.jpg,Fake,6,0,6,0.0,DISCARD,
ID000223,Laura-Wolvaardt,01.png,Real,6,6,0,1.0,KEEP,
ID000223,Laura-Wolvaardt,02.png,Real,6,6,0,1.0,KEEP,
ID000223,Laura-Wolvaardt,03.jpg,Real,6,3,3,0.5,TIE,
ID000223,Laura-Wolvaardt,730732270_2118144989085113_1710785244193473374_n.jpg,Fake,6,3,3,0.67,TIE,
ID000223,Laura-Wolvaardt,images (1).jpg,Fake,6,6,0,1.0,KEEP,
ID000223,Laura-Wolvaardt,images.jpg,Fake,6,4,2,0.67,KEEP,
ID000225,LeBron-James,01.jpg,Fake,6,4,2,0.67,KEEP,
ID000225,LeBron-James,01.jpg,Real,6,6,0,1.0,KEEP,
ID000225,LeBron-James,02.jpg,Fake,6,0,6,0.0,DISCARD,
ID000225,LeBron-James,02.png,Real,6,6,0,1.0,KEEP,
ID000225,LeBron-James,03.jpg,Real,6,6,0,1.0,KEEP,
ID000225,LeBron-James,06.png,Fake,6,4,2,0.67,KEEP,
ID000226,Lee-Min-ho,01.jpg,Fake,6,6,0,1.0,KEEP,
ID000226,Lee-Min-ho,01.jpg,Real,6,6,0,1.0,KEEP,
ID000226,Lee-Min-ho,02.jpg,Fake,6,6,0,1.0,KEEP,
ID000226,Lee-Min-ho,06.png,Fake,6,4,2,0.67,KEEP,
ID000227,Liam-Hemsworth,01.jpg,Fake,6,4,2,1.0,KEEP,
ID000227,Liam-Hemsworth,01.jpg,Real,6,6,0,1.0,KEEP,
ID000227,Liam-Hemsworth,02.jpg,Fake,6,1,5,0.67,DISCARD,
ID000227,Liam-Hemsworth,02.jpg,Real,6,6,0,1.0,KEEP,
ID000227,Liam-Hemsworth,03.png,Fake,6,3,3,0.83,TIE,
ID000227,Liam-Hemsworth,04.png,Fake,6,3,3,1.0,TIE,
ID000227,Liam-Hemsworth,05.jpg,Fake,6,1,5,0.5,DISCARD,
ID000228,Lindsay-Lohan,01.jpg,Fake,6,4,2,0.67,KEEP,
ID000228,Lindsay-Lohan,01.jpg,Real,6,6,0,1.0,KEEP,
ID000228,Lindsay-Lohan,02.jpg,Real,6,6,0,1.0,KEEP,
ID000228,Lindsay-Lohan,04.jpg,Fake,6,1,5,0.17,DISCARD,
ID000228,Lindsay-Lohan,05.jpg,Fake,6,0,6,0.0,DISCARD,
ID000229,Link-Neal,01.jpg,Fake,6,2,4,0.33,DISCARD,
ID000229,Link-Neal,01.jpg,Real,6,6,0,1.0,KEEP,
ID000229,Link-Neal,02.jpg,Real,6,6,0,1.0,KEEP,
ID000230,Lionel-Messi,01.jpg,Fake,6,1,5,0.33,DISCARD,
ID000230,Lionel-Messi,01.jpg,Real,6,6,0,1.0,KEEP,
ID000230,Lionel-Messi,02.jpg,Fake,6,5,1,1.0,KEEP,
ID000230,Lionel-Messi,02.jpg,Real,6,6,0,1.0,KEEP,
ID000230,Lionel-Messi,03.jpg,Fake,6,6,0,1.0,KEEP,
ID000231,Lisa,01.jpg,Real,6,6,0,1.0,KEEP,
ID000231,Lisa,02.jpg,Fake,6,2,4,0.5,DISCARD,
ID000231,Lisa,03.jpg,Fake,6,2,4,0.5,DISCARD,
ID000231,Lisa,55.png,Fake,6,4,2,0.67,KEEP,
ID000231,Lisa,55.png,Real,6,6,0,1.0,KEEP,
ID000232,Livvy-Dunne,01.jpg,Fake,6,4,2,1.0,KEEP,
ID000232,Livvy-Dunne,02.jpg,Fake,6,2,4,0.67,DISCARD,
ID000232,Livvy-Dunne,03.jpg,Fake,6,5,1,1.0,KEEP,
ID000232,Livvy-Dunne,04.jpg,Fake,6,2,4,0.83,DISCARD,
ID000232,Livvy-Dunne,05.jpg,Fake,6,0,6,0.0,DISCARD,
ID000232,Livvy-Dunne,1.jpg,Real,6,6,0,1.0,KEEP,
ID000232,Livvy-Dunne,1.png,Fake,6,2,4,0.67,DISCARD,
ID000233,Luis-Díaz,01.jpg,Fake,6,0,6,0.0,DISCARD,
ID000233,Luis-Díaz,01.jpg,Real,6,4,2,0.67,KEEP,
ID000233,Luis-Díaz,02.jpg,Real,6,6,0,1.0,KEEP,
ID000234,Maggie-Smith,01.jpg,Fake,6,5,1,0.83,KEEP,
ID000234,Maggie-Smith,01.jpg,Real,6,6,0,1.0,KEEP,
ID000234,Maggie-Smith,02.jpg,Fake,6,5,1,0.83,KEEP,
ID000234,Maggie-Smith,03.jpg,Fake,6,2,4,0.67,DISCARD,
ID000235,Mahatma-Gandhi,01.jpg,Fake,6,6,0,1.0,KEEP,
ID000235,Mahatma-Gandhi,01.jpg,Real,6,6,0,1.0,KEEP,
ID000235,Mahatma-Gandhi,02.jpg,Real,6,5,1,1.0,KEEP,
ID000235,Mahatma-Gandhi,02.png,Fake,6,2,4,0.33,DISCARD,
ID000235,Mahatma-Gandhi,03.jpg,Real,6,5,1,1.0,KEEP,
ID000237,Marc-Benioff,01.jpg,Fake,6,1,5,0.17,DISCARD,
ID000237,Marc-Benioff,01.jpg,Real,6,6,0,1.0,KEEP,
ID000237,Marc-Benioff,02.jpg,Fake,6,3,3,0.5,TIE,
ID000239,Margot-Robie,01.jpg,Fake,6,4,2,1.0,KEEP,
ID000239,Margot-Robie,01.jpg,Real,6,6,0,1.0,KEEP,
ID000239,Margot-Robie,02.jpg,Fake,6,3,3,1.0,TIE,
ID000239,Margot-Robie,02.jpg,Real,6,6,0,1.0,KEEP,
ID000239,Margot-Robie,03.jpg,Fake,6,1,5,0.83,DISCARD,
ID000239,Margot-Robie,04.png,Fake,6,2,4,0.83,DISCARD,
ID000239,Margot-Robie,05.jpg,Fake,6,3,3,1.0,TIE,
ID000239,Margot-Robie,06.png,Fake,6,2,4,0.83,DISCARD,
ID000240,Maria-Corina-Machado,01.jpg,Fake,6,3,3,0.5,TIE,
ID000240,Maria-Corina-Machado,01.jpg,Real,6,6,0,1.0,KEEP,
ID000240,Maria-Corina-Machado,02.jpg,Fake,6,2,4,0.33,DISCARD,
ID000241,Marilyn-Monroe,01.jpg,Fake,6,3,3,0.83,TIE,
ID000241,Marilyn-Monroe,01.jpg,Real,6,6,0,1.0,KEEP,
ID000241,Marilyn-Monroe,02.jpg,Fake,6,4,2,0.83,KEEP,
ID000241,Marilyn-Monroe,02.jpg,Real,6,6,0,1.0,KEEP,
ID000241,Marilyn-Monroe,03.png,Fake,6,3,3,0.83,TIE,
ID000241,Marilyn-Monroe,04.jpg,Fake,6,4,2,1.0,KEEP,
ID000242,Mario-Götze,01.jpg,Fake,6,5,1,0.83,KEEP,
ID000242,Mario-Götze,01.jpg,Real,6,6,0,1.0,KEEP,
ID000242,Mario-Götze,02.jpg,Fake,6,5,1,0.83,KEEP,
ID000242,Mario-Götze,02.jpg,Real,6,6,0,1.0,KEEP,
ID000242,Mario-Götze,03.jpg,Real,6,6,0,1.0,KEEP,
ID000244,Mark-Wahlberg,01.jpg,Real,6,6,0,1.0,KEEP,
ID000245,Mark-Zukerberg,01.jpg,Fake,6,2,4,0.5,DISCARD,
ID000245,Mark-Zukerberg,01.jpg,Real,6,6,0,1.0,KEEP,
ID000245,Mark-Zukerberg,02.jpg,Fake,6,4,2,0.83,KEEP,
ID000245,Mark-Zukerberg,02.jpg,Real,6,6,0,1.0,KEEP,
ID000245,Mark-Zukerberg,03.jpg,Fake,6,5,1,1.0,KEEP,
ID000245,Mark-Zukerberg,03.jpg,Real,6,6,0,1.0,KEEP,
ID000246,Marlon-Brando,01.jpg,Fake,6,3,3,0.83,TIE,
ID000246,Marlon-Brando,01.jpg,Real,6,6,0,1.0,KEEP,
ID000246,Marlon-Brando,02.jpg,Fake,6,2,4,0.67,DISCARD,
ID000246,Marlon-Brando,02.jpg,Real,6,6,0,1.0,KEEP,
ID000246,Marlon-Brando,03.jpg,Fake,6,0,6,0.0,DISCARD,
ID000246,Marlon-Brando,04.jpg,Fake,6,0,6,0.0,DISCARD,
ID000246,Marlon-Brando,05.jpg,Fake,6,0,6,0.0,DISCARD,
ID000246,Marlon-Brando,06.jpg,Fake,6,4,2,0.83,KEEP,
ID000246,Marlon-Brando,07.png,Fake,6,1,5,0.17,DISCARD,
ID000247,Marques-Brownlee-MKBHD,01.jpg,Fake,6,3,3,0.5,TIE,
ID000247,Marques-Brownlee-MKBHD,01.jpg,Real,6,6,0,1.0,KEEP,
ID000247,Marques-Brownlee-MKBHD,02.png,Real,6,5,1,1.0,KEEP,
ID000248,Martin-Lewis,01.jpg,Real,6,6,0,1.0,KEEP,
ID000248,Martin-Lewis,02.jpg,Real,6,6,0,1.0,KEEP,
ID000248,Martin-Lewis,03.jpg,Fake,6,2,4,0.33,DISCARD,
ID000248,Martin-Lewis,06.png,Fake,6,3,3,0.5,TIE,
ID000249,Martin-Ødegaard,01.jpg,Fake,6,3,3,0.5,TIE,
ID000249,Martin-Ødegaard,01.jpg,Real,6,6,0,1.0,KEEP,
ID000250,Matt-Damon,01.jpg,Fake,6,6,0,1.0,KEEP,
ID000250,Matt-Damon,01.jpg,Real,6,6,0,1.0,KEEP,
ID000250,Matt-Damon,02.jpg,Fake,6,6,0,1.0,KEEP,
ID000250,Matt-Damon,02.jpg,Real,6,6,0,1.0,KEEP,
ID000250,Matt-Damon,03.jpg,Real,6,5,1,0.83,KEEP,
ID000251,Matt-Dillon,01.jpg,Fake,6,1,5,0.17,DISCARD,
ID000251,Matt-Dillon,01.jpg,Real,6,6,0,1.0,KEEP,
ID000251,Matt-Dillon,02.jpg,Real,6,5,1,0.83,KEEP,
ID000252,Matt-Rife,01.jpg,Fake,6,6,0,1.0,KEEP,
ID000252,Matt-Rife,01.jpg,Real,6,6,0,1.0,KEEP,
ID000252,Matt-Rife,02.jpg,Real,6,6,0,1.0,KEEP,
ID000252,Matt-Rife,03.jpg,Real,6,6,0,1.0,KEEP,
ID000253,Matthew-Broderick,01.jpg,Fake,6,3,3,0.5,TIE,
ID000253,Matthew-Broderick,01.jpg,Real,6,6,0,1.0,KEEP,
ID000253,Matthew-Broderick,02.jpg,Fake,6,4,2,0.67,KEEP,
ID000253,Matthew-Broderick,02.jpg,Real,6,6,0,1.0,KEEP,
ID000254,Mesut-Ozil,01.jpg,Fake,6,6,0,1.0,KEEP,
ID000254,Mesut-Ozil,01.jpg,Real,6,6,0,1.0,KEEP,
ID000254,Mesut-Ozil,02.jpg,Fake,6,5,1,1.0,KEEP,
ID000254,Mesut-Ozil,02.jpg,Real,6,6,0,1.0,KEEP,
ID000255,Michael-Caine,01.jpg,Real,6,6,0,1.0,KEEP,
ID000255,Michael-Caine,01.png,Fake,6,5,1,1.0,KEEP,
ID000255,Michael-Caine,02.jpg,Fake,6,6,0,1.0,KEEP,
ID000255,Michael-Caine,02.jpg,Real,6,5,1,1.0,KEEP,
ID000255,Michael-Caine,03.jpg,Fake,6,6,0,1.0,KEEP,
ID000256,Michael-Cera,01.jpg,Fake,6,2,4,0.33,DISCARD,
ID000256,Michael-Cera,01.jpg,Real,6,6,0,1.0,KEEP,
ID000256,Michael-Cera,02.png,Fake,6,0,6,0.0,DISCARD,
ID000257,Michael-J-Fox,01.jpg,Fake,6,5,1,0.83,KEEP,
ID000257,Michael-J-Fox,01.jpg,Real,6,6,0,1.0,KEEP,
ID000257,Michael-J-Fox,02.jpg,Fake,6,1,5,0.17,DISCARD,
ID000257,Michael-J-Fox,02.jpg,Real,6,6,0,1.0,KEEP,
ID000257,Michael-J-Fox,03.jpg,Fake,6,0,6,0.17,DISCARD,
ID000257,Michael-J-Fox,03.jpg,Real,6,6,0,1.0,KEEP,
ID000257,Michael-J-Fox,04.jpg,Fake,6,3,3,0.5,TIE,
ID000258,Michael-Keaton,01.jpg,Fake,6,2,4,0.33,DISCARD,
ID000258,Michael-Keaton,01.jpg,Real,6,6,0,1.0,KEEP,
ID000258,Michael-Keaton,02.jpg,Fake,6,3,3,0.67,TIE,
ID000258,Michael-Keaton,02.jpg,Real,6,6,0,1.0,KEEP,
ID000260,Michael-Jackson,01.jpg,Fake,6,4,2,1.0,KEEP,
ID000260,Michael-Jackson,01.jpg,Real,6,6,0,1.0,KEEP,
ID000260,Michael-Jackson,02.jpg,Fake,6,4,2,1.0,KEEP,
ID000260,Michael-Jackson,02.png,Real,6,6,0,1.0,KEEP,
ID000260,Michael-Jackson,03.jpg,Fake,6,2,4,0.5,DISCARD,
ID000260,Michael-Jackson,04.png,Fake,6,0,6,0.67,DISCARD,
ID000260,Michael-Jackson,05.jpg,Fake,6,4,2,1.0,KEEP,
ID000261,Michele-Morrone,01.jpg,Fake,6,1,5,0.5,DISCARD,
ID000261,Michele-Morrone,01.jpg,Real,6,6,0,1.0,KEEP,
ID000261,Michele-Morrone,02.jpg,Fake,6,1,5,0.33,DISCARD,
ID000261,Michele-Morrone,02.jpg,Real,6,6,0,1.0,KEEP,
ID000261,Michele-Morrone,03.jpg,Fake,6,1,5,0.33,DISCARD,
ID000261,Michele-Morrone,03.jpg,Real,6,6,0,1.0,KEEP,
ID000261,Michele-Morrone,04.jpg,Fake,6,2,4,0.33,DISCARD,
ID000262,Michelle-Pfeiffer,01.jpg,Fake,6,2,4,0.33,DISCARD,
ID000262,Michelle-Pfeiffer,01.jpg,Real,6,5,1,0.83,KEEP,
ID000262,Michelle-Pfeiffer,02.jpg,Fake,6,5,1,0.83,KEEP,
ID000262,Michelle-Pfeiffer,02.jpg,Real,6,4,2,0.67,KEEP,
ID000262,Michelle-Pfeiffer,03.jpg,Fake,6,5,1,0.83,KEEP,
ID000262,Michelle-Pfeiffer,04.jpg,Fake,6,0,6,0.0,DISCARD,
ID000263,Michelle-Yeoh,01.jpg,Fake,6,3,3,0.5,TIE,
ID000263,Michelle-Yeoh,01.jpg,Real,6,6,0,1.0,KEEP,
ID000263,Michelle-Yeoh,02.jpg,Fake,6,4,2,0.67,KEEP,
ID000264,Mickey-Rourke,01.jpg,Fake,6,3,3,0.67,TIE,
ID000264,Mickey-Rourke,01.jpg,Real,6,6,0,1.0,KEEP,
ID000264,Mickey-Rourke,02.jpg,Real,6,5,1,0.83,KEEP,
ID000264,Mickey-Rourke,03.jpg,Fake,6,5,1,0.83,KEEP,
ID000265,Miles-Teller,01.jpg,Fake,6,2,4,0.67,DISCARD,
ID000265,Miles-Teller,01.jpg,Real,6,6,0,1.0,KEEP,
ID000265,Miles-Teller,02.jpg,Fake,6,4,2,1.0,KEEP,
ID000265,Miles-Teller,03.jpg,Fake,6,2,4,0.33,DISCARD,
ID000265,Miles-Teller,04.png,Fake,6,0,6,0.33,DISCARD,
ID000265,Miles-Teller,05.jpg,Fake,6,2,4,1.0,DISCARD,
ID000266,Mina,01.jpg,Fake,6,0,6,0.0,DISCARD,
ID000266,Mina,01.jpg,Real,6,6,0,1.0,KEEP,
ID000266,Mina,02.jpg,Fake,6,0,6,0.0,DISCARD,
ID000266,Mina,02.jpg,Real,6,6,0,1.0,KEEP,
ID000266,Mina,03.jpg,Fake,6,0,6,0.0,DISCARD,
ID000267,Mohamed-Salah,01.jpg,Real,6,6,0,1.0,KEEP,
ID000267,Mohamed-Salah,01.png,Fake,6,1,5,0.17,DISCARD,
ID000267,Mohamed-Salah,02.jpg,Real,6,6,0,1.0,KEEP,
ID000267,Mohamed-Salah,02.png,Fake,6,0,6,0.0,DISCARD,
ID000268,Mohammad-Ahmed,01.jpg,Real,6,5,1,0.83,KEEP,
ID000268,Mohammad-Ahmed,02.png,Real,6,6,0,1.0,KEEP,
ID000268,Mohammad-Ahmed,03.jpg,Real,6,6,0,1.0,KEEP,
ID000268,Mohammad-Ahmed,1.png,Fake,6,5,1,0.83,KEEP,
ID000269,Mohammad-Albuty,01.jpg,Fake,6,0,6,0.0,DISCARD,
ID000269,Mohammad-Albuty,01.jpg,Real,6,6,0,1.0,KEEP,
ID000269,Mohammad-Albuty,02.jpg,Real,6,6,0,1.0,KEEP,
ID000270,Monica-Bellucci,01.jpg,Fake,6,4,2,0.67,KEEP,
ID000270,Monica-Bellucci,01.jpg,Real,6,6,0,1.0,KEEP,
ID000270,Monica-Bellucci,02.jpg,Fake,6,2,4,0.33,DISCARD,
ID000270,Monica-Bellucci,03.jpg,Fake,6,3,3,0.67,TIE,
ID000270,Monica-Bellucci,04.jpg,Fake,6,2,4,0.5,DISCARD,
ID000271,Mlanie-Laurent,01.jpg,Fake,6,4,2,0.67,KEEP,
ID000271,Mlanie-Laurent,01.jpg,Real,6,6,0,1.0,KEEP,
ID000271,Mlanie-Laurent,02.jpg,Fake,6,1,5,0.17,DISCARD,
ID000271,Mlanie-Laurent,03.jpg,Fake,6,0,6,0.0,DISCARD,
ID000273,Nancy-Pelosi,01.jpg,Fake,6,1,5,0.67,DISCARD,
ID000273,Nancy-Pelosi,01.jpg,Real,6,6,0,1.0,KEEP,
ID000273,Nancy-Pelosi,02.jpg,Fake,6,4,2,0.83,KEEP,
ID000273,Nancy-Pelosi,02.jpg,Real,6,6,0,1.0,KEEP,
ID000273,Nancy-Pelosi,03.jpg,Fake,6,3,3,0.67,TIE,
ID000273,Nancy-Pelosi,03.jpg,Real,6,6,0,1.0,KEEP,
ID000273,Nancy-Pelosi,04.png,Fake,6,4,2,0.83,KEEP,
ID000274,Naomi-Watts,01.jpg,Fake,6,2,4,0.33,DISCARD,
ID000274,Naomi-Watts,01.jpg,Real,6,6,0,1.0,KEEP,
ID000275,Nasser-Al-Huqbani,01.jpg,Fake,6,2,4,0.33,DISCARD,
ID000275,Nasser-Al-Huqbani,01.jpg,Real,6,6,0,1.0,KEEP,
ID000275,Nasser-Al-Huqbani,02.jpg,Fake,6,1,5,0.17,DISCARD,
ID000275,Nasser-Al-Huqbani,02.jpg,Real,6,6,0,1.0,KEEP,
ID000275,Nasser-Al-Huqbani,03.jpg,Real,6,6,0,1.0,KEEP,
ID000276,Neha-Kakka,01.jpg,Fake,6,6,0,1.0,KEEP,
ID000276,Neha-Kakka,01.jpg,Real,6,3,3,0.5,TIE,
ID000276,Neha-Kakka,02.jpg,Real,6,6,0,1.0,KEEP,
ID000276,Neha-Kakka,02.png,Fake,6,6,0,1.0,KEEP,
ID000276,Neha-Kakka,03.jpg,Real,6,4,2,0.67,KEEP,
ID000277,Nelson-Mendala,01.jpg,Fake,6,4,2,0.83,KEEP,
ID000277,Nelson-Mendala,01.jpg,Real,6,6,0,1.0,KEEP,
ID000277,Nelson-Mendala,02.jpg,Fake,6,5,1,1.0,KEEP,
ID000277,Nelson-Mendala,02.jpg,Real,6,6,0,1.0,KEEP,
ID000277,Nelson-Mendala,03.jpg,Real,6,6,0,1.0,KEEP,
ID000278,Neymar,01.jpg,Fake,6,2,4,0.67,DISCARD,
ID000278,Neymar,01.jpg,Real,6,6,0,1.0,KEEP,
ID000278,Neymar,02.jpg,Real,6,6,0,1.0,KEEP,
ID000278,Neymar,110.png,Fake,6,5,1,0.83,KEEP,
ID000279,Nicholas-Galitzine,01.jpg,Fake,6,4,2,0.83,KEEP,
ID000279,Nicholas-Galitzine,01.jpg,Real,6,6,0,1.0,KEEP,
ID000279,Nicholas-Galitzine,02.jpg,Fake,6,3,3,0.5,TIE,
ID000279,Nicholas-Galitzine,02.jpg,Real,6,6,0,1.0,KEEP,
ID000279,Nicholas-Galitzine,03.jpg,Real,6,6,0,1.0,KEEP,
ID000280,Nick-DiGiovanni,01.jpg,Real,6,6,0,1.0,KEEP,
ID000280,Nick-DiGiovanni,02.png,Real,6,6,0,1.0,KEEP,
ID000280,Nick-DiGiovanni,03.jpg,Real,6,6,0,1.0,KEEP,
ID000280,Nick-DiGiovanni,1.jpg,Fake,6,5,1,0.83,KEEP,
ID000280,Nick-DiGiovanni,2.webp,Fake,6,4,2,0.67,KEEP,
ID000281,Nick-Nolte,01.jpg,Fake,6,4,2,0.67,KEEP,
ID000281,Nick-Nolte,01.jpg,Real,6,6,0,1.0,KEEP,
ID000281,Nick-Nolte,02.jpg,Fake,6,1,5,0.17,DISCARD,
ID000281,Nick-Nolte,02.jpg,Real,6,6,0,1.0,KEEP,
ID000281,Nick-Nolte,03.jpg,Real,6,6,0,1.0,KEEP,
ID000282,Nicky-Campbell,01.jpg,Fake,6,0,6,0.0,DISCARD,
ID000282,Nicky-Campbell,01.jpg,Real,6,3,3,0.5,TIE,
ID000282,Nicky-Campbell,02.jpg,Fake,6,0,6,0.0,DISCARD,
ID000282,Nicky-Campbell,02.jpg,Real,6,0,6,0.0,DISCARD,
ID000282,Nicky-Campbell,03.jpg,Fake,6,0,6,0.0,DISCARD,
ID000282,Nicky-Campbell,03.jpg,Real,6,5,1,0.83,KEEP,
ID000283,Nico-Paz,01.jpg,Fake,6,1,5,0.33,DISCARD,
ID000283,Nico-Paz,1.jpg,Fake,6,5,1,0.83,KEEP,
ID000283,Nico-Paz,1.jpg,Real,6,6,0,1.0,KEEP,
ID000283,Nico-Paz,2.jpg,Fake,6,4,2,0.67,KEEP,
ID000284,Ning-Yizhuo,01.jpg,Fake,6,2,4,0.33,DISCARD,
ID000284,Ning-Yizhuo,01.png,Real,6,6,0,1.0,KEEP,
ID000284,Ning-Yizhuo,02.jpg,Real,6,6,0,1.0,KEEP,
ID000284,Ning-Yizhuo,02.png,Fake,6,6,0,1.0,KEEP,
ID000284,Ning-Yizhuo,03.jpg,Real,6,6,0,1.0,KEEP,
ID000285,Norman-Swan,01.jpg,Real,6,6,0,1.0,KEEP,
ID000285,Norman-Swan,02.jpg,Fake,6,5,1,1.0,KEEP,
ID000285,Norman-Swan,02.jpg,Real,6,6,0,1.0,KEEP,
ID000285,Norman-Swan,03.jpg,Real,6,6,0,1.0,KEEP,
ID000285,Norman-Swan,03.png,Fake,6,5,1,0.83,KEEP,
ID000286,Olga-Loiek,01.jpg,Fake,6,3,3,0.5,TIE,
ID000286,Olga-Loiek,01.jpg,Real,6,6,0,1.0,KEEP,
ID000286,Olga-Loiek,02.jpg,Fake,6,5,1,0.83,KEEP,
ID000286,Olga-Loiek,02.png,Real,6,6,0,1.0,KEEP,
ID000286,Olga-Loiek,03.png,Fake,6,5,1,0.83,KEEP,
ID000287,Olivia-Rodrigo,01 (2).jpg,Fake,6,0,6,0.17,DISCARD,
ID000287,Olivia-Rodrigo,01.jpg,Fake,6,0,6,0.33,DISCARD,
ID000287,Olivia-Rodrigo,01.jpg,Real,6,6,0,1.0,KEEP,
ID000287,Olivia-Rodrigo,02.jpg,Fake,6,3,3,0.67,TIE,
ID000287,Olivia-Rodrigo,02.jpg,Real,6,6,0,1.0,KEEP,
ID000287,Olivia-Rodrigo,03.jpg,Fake,6,1,5,0.33,DISCARD,
ID000287,Olivia-Rodrigo,04.png,Fake,6,3,3,0.5,TIE,
ID000288,Patricia-Arquette,01.jpg,Fake,6,4,2,0.67,KEEP,
ID000288,Patricia-Arquette,01.jpg,Real,6,6,0,1.0,KEEP,
ID000288,Patricia-Arquette,02.jpg,Fake,6,3,3,0.67,TIE,
ID000288,Patricia-Arquette,02.jpg,Real,6,6,0,1.0,KEEP,
ID000288,Patricia-Arquette,03.jpg,Fake,6,0,6,0.0,DISCARD,
ID000288,Patricia-Arquette,03.jpg,Real,6,5,1,0.83,KEEP,
ID000288,Patricia-Arquette,04.jpg,Fake,6,2,4,0.5,DISCARD,
ID000289,Patrick-Stewart,01.jpg,Fake,6,5,1,0.83,KEEP,
ID000289,Patrick-Stewart,01.jpg,Real,6,6,0,1.0,KEEP,
ID000289,Patrick-Stewart,02.jpg,Fake,6,4,2,0.67,KEEP,
ID000289,Patrick-Stewart,02.jpg,Real,6,6,0,1.0,KEEP,
ID000289,Patrick-Stewart,03.jpg,Fake,6,0,6,0.0,DISCARD,
ID000289,Patrick-Stewart,04.jpg,Fake,6,3,3,0.67,TIE,
ID000290,Patrick-Wilson,01.jpg,Fake,6,6,0,1.0,KEEP,
ID000290,Patrick-Wilson,01.jpg,Real,6,6,0,1.0,KEEP,
ID000290,Patrick-Wilson,02.jpg,Real,6,6,0,1.0,KEEP,
ID000291,Paul-Newman,01.jpg,Fake,6,6,0,1.0,KEEP,
ID000291,Paul-Newman,01.jpg,Real,6,6,0,1.0,KEEP,
ID000291,Paul-Newman,02.jpg,Fake,6,0,6,0.0,DISCARD,
ID000291,Paul-Newman,02.jpg,Real,6,6,0,1.0,KEEP,
ID000291,Paul-Newman,03.jpg,Fake,6,5,1,0.83,KEEP,
ID000292,Paul-Rudd,01.jpg,Fake,6,5,1,0.83,KEEP,
ID000292,Paul-Rudd,01.jpg,Real,6,6,0,1.0,KEEP,
ID000292,Paul-Rudd,02.jpg,Fake,6,0,6,0.0,DISCARD,
ID000292,Paul-Rudd,03.jpg,Fake,6,4,2,0.83,KEEP,
ID000292,Paul-Rudd,04.jpg,Fake,6,4,2,0.67,KEEP,
ID000292,Paul-Rudd,05.jpg,Fake,6,0,6,0.0,DISCARD,
ID000293,Paul-Walker,01.jpg,Fake,6,6,0,1.0,KEEP,
ID000293,Paul-Walker,01.jpg,Real,6,6,0,1.0,KEEP,
ID000293,Paul-Walker,02.jpg,Real,6,6,0,1.0,KEEP,
ID000293,Paul-Walker,02.png,Fake,6,1,5,0.17,DISCARD,
ID000293,Paul-Walker,03.jpg,Fake,6,5,1,1.0,KEEP,
ID000293,Paul-Walker,03.jpg,Real,6,6,0,1.0,KEEP,
ID000293,Paul-Walker,04.jpg,Fake,6,5,1,1.0,KEEP,
ID000294,Pedro-Pascal,01.jpg,Fake,6,5,1,0.83,KEEP,
ID000294,Pedro-Pascal,01.jpg,Real,6,6,0,1.0,KEEP,
ID000294,Pedro-Pascal,02.jpg,Fake,6,5,1,0.83,KEEP,
ID000294,Pedro-Pascal,02.jpg,Real,6,6,0,1.0,KEEP,
ID000294,Pedro-Pascal,03.jpg,Fake,6,2,4,0.33,DISCARD,
ID000295,Phil-Salt,01.webp,Real,6,6,0,1.0,KEEP,
ID000295,Phil-Salt,1.jpg,Fake,6,6,0,1.0,KEEP,
ID000296,Pierce-Brosnan,01.jpg,Fake,6,2,4,0.67,DISCARD,
ID000296,Pierce-Brosnan,01.jpg,Real,6,6,0,1.0,KEEP,
ID000296,Pierce-Brosnan,02.jpg,Fake,6,2,4,0.67,DISCARD,
ID000296,Pierce-Brosnan,02.jpg,Real,6,6,0,1.0,KEEP,
ID000296,Pierce-Brosnan,04.jpg,Fake,6,4,2,0.83,KEEP,
ID000296,Pierce-Brosnan,05.jpg,Fake,6,2,4,0.67,DISCARD,
ID000297,Pope-Francis,01.jpg,Fake,6,3,3,0.5,TIE,
ID000297,Pope-Francis,01.jpg,Real,6,6,0,1.0,KEEP,
ID000297,Pope-Francis,02.png,Fake,6,2,4,0.67,DISCARD,
ID000297,Pope-Francis,04.jpg,Fake,6,6,0,1.0,KEEP,
ID000299,Reese-Witherspoon,01.jpg,Fake,6,6,0,1.0,KEEP,
ID000299,Reese-Witherspoon,01.jpg,Real,6,6,0,1.0,KEEP,
ID000299,Reese-Witherspoon,03.jpg,Fake,6,5,1,0.83,KEEP,
ID000299,Reese-Witherspoon,04.png,Fake,6,6,0,1.0,KEEP,
ID000300,Rhett-McLaughlin,01.jpg,Real,6,6,0,1.0,KEEP,
ID000300,Rhett-McLaughlin,01.png,Fake,6,0,6,0.0,DISCARD,
ID000300,Rhett-McLaughlin,02.jpg,Fake,6,0,6,0.0,DISCARD,
ID000300,Rhett-McLaughlin,02.jpg,Real,6,6,0,1.0,KEEP,
ID000300,Rhett-McLaughlin,03.png,Fake,6,0,6,0.0,DISCARD,
ID000300,Rhett-McLaughlin,04.jpg,Fake,6,6,0,1.0,KEEP,
ID000301,Richard-Gere,01.jpg,Fake,6,6,0,1.0,KEEP,
ID000301,Richard-Gere,01.jpg,Real,6,6,0,1.0,KEEP,
ID000301,Richard-Gere,02.jpg,Fake,6,0,6,0.17,DISCARD,
ID000301,Richard-Gere,03.jpg,Fake,6,3,3,0.5,TIE,
ID000301,Richard-Gere,04.jpg,Fake,6,6,0,1.0,KEEP,
ID000301,Richard-Gere,05.jpg,Fake,6,0,6,0.0,DISCARD,
ID000302,Rihanna,01.jpg,Fake,6,1,5,0.33,DISCARD,
ID000302,Rihanna,01.png,Real,6,6,0,1.0,KEEP,
ID000302,Rihanna,02.jpg,Fake,6,3,3,1.0,TIE,
ID000302,Rihanna,02.jpg,Real,6,6,0,1.0,KEEP,
ID000302,Rihanna,03.jpg,Fake,6,4,2,1.0,KEEP,
ID000302,Rihanna,1.jpg,Fake,6,4,2,1.0,KEEP,
ID000303,Rinko-Kikuchi,01.jpg,Fake,6,2,4,0.67,DISCARD,
ID000303,Rinko-Kikuchi,01.jpg,Real,6,6,0,1.0,KEEP,
ID000303,Rinko-Kikuchi,02.jpg,Real,6,5,1,0.83,KEEP,
ID000303,Rinko-Kikuchi,02.png,Fake,6,1,5,0.5,DISCARD,
ID000303,Rinko-Kikuchi,03.jpg,Fake,6,4,2,0.83,KEEP,
ID000303,Rinko-Kikuchi,04.jpg,Fake,6,3,3,0.83,TIE,
ID000303,Rinko-Kikuchi,05.jpg,Fake,6,3,3,0.83,TIE,
ID000304,Robert-De-Niro,01.jpg,Fake,6,3,3,0.83,TIE,
ID000304,Robert-De-Niro,01.jpg,Real,6,6,0,1.0,KEEP,
ID000304,Robert-De-Niro,02.jpg,Fake,6,2,4,0.67,DISCARD,
ID000304,Robert-De-Niro,02.jpg,Real,6,6,0,1.0,KEEP,
ID000304,Robert-De-Niro,03.jpg,Fake,6,4,2,1.0,KEEP,
ID000304,Robert-De-Niro,03.jpg,Real,6,6,0,1.0,KEEP,
ID000304,Robert-De-Niro,04.jpg,Fake,6,2,4,0.83,DISCARD,
ID000304,Robert-De-Niro,05.jpg,Fake,6,1,5,0.67,DISCARD,
ID000305,Robert-Downey-Jr,01.jpg,Fake,6,3,3,0.83,TIE,
ID000305,Robert-Downey-Jr,01.jpg,Real,6,6,0,1.0,KEEP,
ID000305,Robert-Downey-Jr,02.jpg,Fake,6,4,2,1.0,KEEP,
ID000305,Robert-Downey-Jr,02.png,Real,6,6,0,1.0,KEEP,
ID000305,Robert-Downey-Jr,03.jpg,Fake,6,4,2,1.0,KEEP,
ID000305,Robert-Downey-Jr,03.jpg,Real,6,6,0,1.0,KEEP,
ID000305,Robert-Downey-Jr,04.png,Fake,6,2,4,0.67,DISCARD,
ID000306,Robert-Duvall,01.jpg,Fake,6,0,6,0.0,DISCARD,
ID000306,Robert-Duvall,01.jpg,Real,6,6,0,1.0,KEEP,
ID000307,Robert-Englund,01.jpg,Fake,6,0,6,0.0,DISCARD,
ID000307,Robert-Englund,01.jpg,Real,6,6,0,1.0,KEEP,
ID000307,Robert-Englund,02.png,Fake,6,0,6,0.0,DISCARD,
ID000308,Robert-Redford,01.jpg,Fake,6,5,1,0.83,KEEP,
ID000308,Robert-Redford,01.jpg,Real,6,6,0,1.0,KEEP,
ID000308,Robert-Redford,02.jpg,Fake,6,5,1,0.83,KEEP,
ID000308,Robert-Redford,02.jpg,Real,6,6,0,1.0,KEEP,
ID000308,Robert-Redford,03.jpg,Fake,6,5,1,0.83,KEEP,
ID000308,Robert-Redford,03.jpg,Real,6,6,0,1.0,KEEP,
ID000309,Roberto-Benigni,01.jpg,Fake,6,5,1,0.83,KEEP,
ID000309,Roberto-Benigni,01.jpg,Real,6,6,0,1.0,KEEP,
ID000310,Roger-Moore,01.jpg,Fake,6,3,3,0.5,TIE,
ID000310,Roger-Moore,01.jpg,Real,6,6,0,1.0,KEEP,
ID000310,Roger-Moore,03.jpg,Fake,6,6,0,1.0,KEEP,
ID000311,Rohit-Paudel,01.jpg,Real,6,6,0,1.0,KEEP,
ID000311,Rohit-Paudel,02.webp,Real,6,6,0,1.0,KEEP,
ID000311,Rohit-Paudel,03.png,Real,6,4,2,0.67,KEEP,
ID000311,Rohit-Paudel,1.png,Fake,6,3,3,0.5,TIE,
ID000312,Romain-Duris,01.jpg,Fake,6,1,5,0.17,DISCARD,
ID000312,Romain-Duris,01.jpg,Real,6,6,0,1.0,KEEP,
ID000312,Romain-Duris,02.jpg,Fake,6,0,6,0.0,DISCARD,
ID000312,Romain-Duris,02.jpg,Real,6,6,0,1.0,KEEP,
ID000313,Ronaldo-Nazario,01.jpg,Fake,6,2,4,0.33,DISCARD,
ID000313,Ronaldo-Nazario,01.jpg,Real,6,6,0,1.0,KEEP,
ID000313,Ronaldo-Nazario,02.jpg,Fake,6,0,6,0.0,DISCARD,
ID000313,Ronaldo-Nazario,02.jpg,Real,6,6,0,1.0,KEEP,
ID000313,Ronaldo-Nazario,03.jpg,Fake,6,0,6,0.0,DISCARD,
ID000313,Ronaldo-Nazario,03.jpg,Real,6,6,0,1.0,KEEP,
ID000313,Ronaldo-Nazario,05.png,Fake,6,4,2,0.67,KEEP,
ID000314,Rooney-Mara,01.jpg,Fake,6,6,0,1.0,KEEP,
ID000314,Rooney-Mara,01.jpg,Real,6,6,0,1.0,KEEP,
ID000314,Rooney-Mara,02.jpg,Fake,6,5,1,1.0,KEEP,
ID000314,Rooney-Mara,02.jpg,Real,6,6,0,1.0,KEEP,
ID000314,Rooney-Mara,03.png,Fake,6,1,5,0.33,DISCARD,
ID000314,Rooney-Mara,04.png,Fake,6,0,6,0.0,DISCARD,
ID000315,Rosario-Dawson,01.jpg,Fake,6,4,2,0.67,KEEP,
ID000315,Rosario-Dawson,01.jpg,Real,6,6,0,1.0,KEEP,
ID000315,Rosario-Dawson,02.jpg,Real,6,6,0,1.0,KEEP,
ID000316,Rose-Byrne,01.jpg,Fake,6,1,5,0.17,DISCARD,
ID000316,Rose-Byrne,01.jpg,Real,6,6,0,1.0,KEEP,
ID000316,Rose-Byrne,02.jpg,Real,6,6,0,1.0,KEEP,
ID000317,Rupert-Grint,01.jpg,Fake,6,0,6,0.0,DISCARD,
ID000317,Rupert-Grint,01.jpg,Real,6,6,0,1.0,KEEP,
ID000317,Rupert-Grint,02.jpg,Real,6,6,0,1.0,KEEP,
ID000317,Rupert-Grint,02.png,Fake,6,2,4,0.33,DISCARD,
ID000317,Rupert-Grint,03.jpg,Fake,6,1,5,0.17,DISCARD,
ID000317,Rupert-Grint,04.jpg,Fake,6,5,1,0.83,KEEP,
ID000318,Russell-Crowe,01.jpg,Fake,6,5,1,1.0,KEEP,
ID000318,Russell-Crowe,01.jpg,Real,6,6,0,1.0,KEEP,
ID000318,Russell-Crowe,02.jpg,Fake,6,5,1,1.0,KEEP,
ID000318,Russell-Crowe,03.jpg,Fake,6,1,5,0.17,DISCARD,
ID000318,Russell-Crowe,05.jpg,Fake,6,5,1,1.0,KEEP,
ID000319,Sally-Field,01.jpg,Fake,6,3,3,0.83,TIE,
ID000319,Sally-Field,01.jpg,Real,6,6,0,1.0,KEEP,
ID000319,Sally-Field,02.jpg,Fake,6,2,4,0.67,DISCARD,
ID000319,Sally-Field,02.jpg,Real,6,6,0,1.0,KEEP,
ID000319,Sally-Field,03.jpg,Fake,6,2,4,1.0,DISCARD,
ID000319,Sally-Field,03.jpg,Real,6,6,0,1.0,KEEP,
ID000319,Sally-Field,04.jpg,Fake,6,5,1,0.83,KEEP,
ID000320,Salma-Hayek,01.jpg,Fake,6,3,3,0.5,TIE,
ID000320,Salma-Hayek,01.jpg,Real,6,6,0,1.0,KEEP,
ID000320,Salma-Hayek,02.jpg,Real,6,6,0,1.0,KEEP,
ID000320,Salma-Hayek,03.jpg,Fake,6,0,6,0.0,DISCARD,
ID000320,Salma-Hayek,04.png,Fake,6,1,5,0.17,DISCARD,
ID000320,Salma-Hayek,05.jpg,Fake,6,0,6,0.0,DISCARD,
ID000321,Sam-Rockwell,01.jpg,Fake,6,3,3,0.5,TIE,
ID000321,Sam-Rockwell,01.jpg,Real,6,6,0,1.0,KEEP,
ID000321,Sam-Rockwell,02.jpg,Fake,6,0,6,0.0,DISCARD,
ID000322,Sanna-Marin,01.jpg,Fake,6,1,5,0.17,DISCARD,
ID000322,Sanna-Marin,01.jpg,Real,6,6,0,1.0,KEEP,
ID000322,Sanna-Marin,02.jpg,Real,6,6,0,1.0,KEEP,
ID000322,Sanna-Marin,04.png,Fake,6,4,2,0.67,KEEP,
ID000322,Sanna-Marin,05.jpg,Fake,6,3,3,0.5,TIE,
ID000323,Sarah-Michelle-Gellar,01.jpg,Fake,6,3,3,1.0,TIE,
ID000323,Sarah-Michelle-Gellar,01.jpg,Real,6,6,0,1.0,KEEP,
ID000323,Sarah-Michelle-Gellar,02.jpg,Fake,6,5,1,1.0,KEEP,
ID000323,Sarah-Michelle-Gellar,02.jpg,Real,6,6,0,1.0,KEEP,
ID000323,Sarah-Michelle-Gellar,03.jpg,Fake,6,3,3,0.83,TIE,
ID000323,Sarah-Michelle-Gellar,04.jpg,Fake,6,3,3,1.0,TIE,
ID000324,Sean-Penn,01.jpg,Fake,6,1,5,0.17,DISCARD,
ID000324,Sean-Penn,01.jpg,Real,6,6,0,1.0,KEEP,
ID000324,Sean-Penn,02.jpg,Real,6,6,0,1.0,KEEP,
ID000324,Sean-Penn,02.png,Fake,6,1,5,0.17,DISCARD,
ID000324,Sean-Penn,03.jpg,Fake,6,3,3,0.5,TIE,
ID000325,Sediqullah-Atal,01.webp,Real,6,6,0,1.0,KEEP,
ID000325,Sediqullah-Atal,1.jpg,Fake,6,3,3,0.5,TIE,
ID000326,Seerna-William,01.jpg,Real,6,6,0,1.0,KEEP,
ID000326,Seerna-William,1.png,Fake,6,6,0,1.0,KEEP,
ID000327,Selena-Gomez,01.jpg,Real,6,6,0,1.0,KEEP,
ID000327,Selena-Gomez,01.png,Fake,6,5,1,0.83,KEEP,
ID000327,Selena-Gomez,02.jpg,Real,6,6,0,1.0,KEEP,
ID000327,Selena-Gomez,03.jpg,Real,6,6,0,1.0,KEEP,
ID000327,Selena-Gomez,04.jpg,Fake,6,2,4,0.5,DISCARD,
ID000327,Selena-Gomez,05.jpg,Fake,6,4,2,0.67,KEEP,
ID000329,Shai-Hope,01.jpg,Fake,6,0,6,0.0,DISCARD,
ID000329,Shai-Hope,01.jpg,Real,6,6,0,1.0,KEEP,
ID000329,Shai-Hope,02.png,Real,6,5,1,0.83,KEEP,
ID000329,Shai-Hope,03.jpg,Real,6,6,0,1.0,KEEP,
ID000329,Shai-Hope,1.png,Fake,6,5,1,0.83,KEEP,
ID000330,Shakira-Isabel-Mebarak-Ripoll,01.jpg,Fake,6,2,4,0.5,DISCARD,
ID000330,Shakira-Isabel-Mebarak-Ripoll,01.jpg,Real,6,6,0,1.0,KEEP,
ID000330,Shakira-Isabel-Mebarak-Ripoll,02.jpg,Real,6,6,0,1.0,KEEP,
ID000330,Shakira-Isabel-Mebarak-Ripoll,03.jpg,Real,6,6,0,1.0,KEEP,
ID000330,Shakira-Isabel-Mebarak-Ripoll,04.png,Fake,6,6,0,1.0,KEEP,
ID000331,Sharlto-Copley,01.jpg,Fake,6,0,6,0.0,DISCARD,
ID000331,Sharlto-Copley,01.jpg,Real,6,5,1,0.83,KEEP,
ID000331,Sharlto-Copley,02.jpg,Real,6,6,0,1.0,KEEP,
ID000331,Sharlto-Copley,02.png,Fake,6,3,3,0.5,TIE,
ID000331,Sharlto-Copley,03.jpg,Real,6,6,0,1.0,KEEP,
ID000331,Sharlto-Copley,03.png,Fake,6,0,6,0.0,DISCARD,
ID000332,Shia-LaBeouf,01.jpg,Fake,6,2,4,0.33,DISCARD,
ID000332,Shia-LaBeouf,01.jpg,Real,6,6,0,1.0,KEEP,
ID000332,Shia-LaBeouf,02.jpg,Fake,6,1,5,0.17,DISCARD,
ID000332,Shia-LaBeouf,02.jpg,Real,6,6,0,1.0,KEEP,
ID000332,Shia-LaBeouf,03.jpg,Real,6,6,0,1.0,KEEP,
ID000333,Shohei-Ohtani,01.jpg,Fake,6,0,6,0.17,DISCARD,
ID000333,Shohei-Ohtani,01.jpg,Real,6,6,0,1.0,KEEP,
ID000333,Shohei-Ohtani,02.jpg,Fake,6,0,6,0.17,DISCARD,
ID000333,Shohei-Ohtani,03.jpg,Fake,6,3,3,0.67,TIE,
ID000333,Shohei-Ohtani,04.png,Fake,6,5,1,1.0,KEEP,
ID000334,Shreya-GhoshalI,01.jpg,Real,6,5,1,0.83,KEEP,
ID000334,Shreya-GhoshalI,02.jpg,Real,6,5,1,0.83,KEEP,
ID000334,Shreya-GhoshalI,03.jpg,Real,6,6,0,1.0,KEEP,
ID000334,Shreya-GhoshalI,05.jpg,Fake,6,0,6,0.0,DISCARD,
ID000334,Shreya-GhoshalI,05.png,Fake,6,6,0,1.0,KEEP,
ID000335,Shubman-Gill,01.jpg,Fake,6,0,6,0.0,DISCARD,
ID000335,Shubman-Gill,01.jpg,Real,6,5,1,1.0,KEEP,
ID000335,Shubman-Gill,02.png,Real,6,6,0,1.0,KEEP,
ID000335,Shubman-Gill,03.webp,Real,6,6,0,1.0,KEEP,
ID000335,Shubman-Gill,1.jpg,Fake,6,6,0,1.0,KEEP,
ID000335,Shubman-Gill,2.jpg,Fake,6,6,0,1.0,KEEP,
ID000336,Sigourney-Weaver,01.jpg,Fake,6,6,0,1.0,KEEP,
ID000336,Sigourney-Weaver,01.jpg,Real,6,6,0,1.0,KEEP,
ID000336,Sigourney-Weaver,02.jpg,Fake,6,5,1,1.0,KEEP,
ID000336,Sigourney-Weaver,02.jpg,Real,6,6,0,1.0,KEEP,
ID000336,Sigourney-Weaver,03.jpg,Fake,6,0,6,0.17,DISCARD,
ID000336,Sigourney-Weaver,04.jpg,Fake,6,0,6,0.17,DISCARD,
ID000337,Song-Kang-ho,01.jpg,Fake,6,0,6,0.0,DISCARD,
ID000337,Song-Kang-ho,01.jpg,Real,6,6,0,1.0,KEEP,
ID000337,Song-Kang-ho,02.jpg,Real,6,6,0,1.0,KEEP,
ID000338,Song-Hye-Kyo,01.jpg,Fake,6,3,3,0.5,TIE,
ID000338,Song-Hye-Kyo,01.jpg,Real,6,6,0,1.0,KEEP,
ID000338,Song-Hye-Kyo,02.jpg,Fake,6,5,1,0.83,KEEP,
ID000338,Song-Hye-Kyo,02.jpg,Real,6,6,0,1.0,KEEP,
ID000338,Song-Hye-Kyo,05.png,Fake,6,3,3,0.67,TIE,
ID000339,Sophie-Devine,01.jpg,Fake,6,0,6,0.0,DISCARD,
ID000339,Sophie-Devine,01.jpg,Real,6,6,0,1.0,KEEP,
ID000339,Sophie-Devine,02.jpg,Fake,6,0,6,0.0,DISCARD,
ID000339,Sophie-Devine,02.png,Real,6,5,1,0.83,KEEP,
ID000340,Steve-Zahn,01.jpg,Fake,6,0,6,0.0,DISCARD,
ID000340,Steve-Zahn,01.jpg,Real,6,6,0,1.0,KEEP,
ID000340,Steve-Zahn,02.jpg,Real,6,6,0,1.0,KEEP,
ID000341,Steven-Seagal,01.jpg,Fake,6,6,0,1.0,KEEP,
ID000341,Steven-Seagal,01.jpg,Real,6,6,0,1.0,KEEP,
ID000341,Steven-Seagal,02.jpg,Fake,6,6,0,1.0,KEEP,
ID000341,Steven-Seagal,02.jpg,Real,6,6,0,1.0,KEEP,
ID000341,Steven-Seagal,03.jpg,Fake,6,6,0,1.0,KEEP,
ID000342,Suryakumar-Yadav,01.jpg,Fake,6,1,5,0.17,DISCARD,
ID000342,Suryakumar-Yadav,01.jpg,Real,6,6,0,1.0,KEEP,
ID000342,Suryakumar-Yadav,1.jpg,Fake,6,2,4,0.33,DISCARD,
ID000342,Suryakumar-Yadav,2.jpg,Fake,6,2,4,0.5,DISCARD,
ID000343,Susan-Sarandon,01.jpg,Fake,6,1,5,0.17,DISCARD,
ID000343,Susan-Sarandon,01.jpg,Real,6,6,0,1.0,KEEP,
ID000343,Susan-Sarandon,02.jpg,Fake,6,3,3,0.5,TIE,
ID000343,Susan-Sarandon,03.jpg,Fake,6,4,2,0.67,KEEP,
ID000344,Sydney-Sweeney,01.jpg,Fake,6,3,3,0.5,TIE,
ID000344,Sydney-Sweeney,01.jpg,Real,6,6,0,1.0,KEEP,
ID000344,Sydney-Sweeney,02.jpg,Real,6,6,0,1.0,KEEP,
ID000344,Sydney-Sweeney,04.jpg,Fake,6,5,1,0.83,KEEP,
ID000344,Sydney-Sweeney,06.png,Fake,6,5,1,1.0,KEEP,
ID000345,Sylvester-Stallone,01.jpg,Fake,6,2,4,0.83,DISCARD,
ID000345,Sylvester-Stallone,01.jpg,Real,6,6,0,1.0,KEEP,
ID000345,Sylvester-Stallone,02.jpg,Fake,6,2,4,0.67,DISCARD,
ID000345,Sylvester-Stallone,02.jpg,Real,6,6,0,1.0,KEEP,
ID000345,Sylvester-Stallone,03.jpg,Fake,6,3,3,1.0,TIE,
ID000345,Sylvester-Stallone,04.jpg,Fake,6,2,4,0.83,DISCARD,
ID000345,Sylvester-Stallone,05.jpg,Fake,6,4,2,1.0,KEEP,
ID000346,Taeyeon,01.jpg,Fake,6,3,3,0.83,TIE,
ID000346,Taeyeon,01.jpg,Real,6,6,0,1.0,KEEP,
ID000346,Taeyeon,02.jpg,Fake,6,0,6,0.67,DISCARD,
ID000346,Taeyeon,03.jpg,Fake,6,5,1,1.0,KEEP,
ID000346,Taeyeon,04.jpg,Fake,6,2,4,0.5,DISCARD,
ID000346,Taeyeon,05.jpg,Fake,6,1,5,0.5,DISCARD,
ID000346,Taeyeon,06.png,Fake,6,2,4,0.67,DISCARD,
ID000347,Tate-McRae,01.jpg,Real,6,5,1,0.83,KEEP,
ID000347,Tate-McRae,01.png,Fake,6,3,3,0.5,TIE,
ID000347,Tate-McRae,02.jpg,Fake,6,0,6,0.0,DISCARD,
ID000347,Tate-McRae,03.jpg,Fake,6,1,5,0.17,DISCARD,
ID000347,Tate-McRae,04.png,Fake,6,5,1,0.83,KEEP,
ID000348,Thomas-Jane,01.jpg,Fake,6,2,4,0.33,DISCARD,
ID000348,Thomas-Jane,01.jpg,Real,6,6,0,1.0,KEEP,
ID000348,Thomas-Jane,02.jpg,Real,6,6,0,1.0,KEEP,
ID000348,Thomas-Jane,03.jpg,Fake,6,1,5,0.5,DISCARD,
ID000348,Thomas-Jane,03.jpg,Real,6,5,1,0.83,KEEP,
ID000348,Thomas-Jane,04.jpg,Fake,6,0,6,0.17,DISCARD,
ID000349,Thomas-Jeffrey-Hanks,01.jpg,Real,6,6,0,1.0,KEEP,
ID000349,Thomas-Jeffrey-Hanks,01.webp,Fake,6,2,4,0.5,DISCARD,
ID000349,Thomas-Jeffrey-Hanks,02.jpg,Real,6,6,0,1.0,KEEP,
ID000349,Thomas-Jeffrey-Hanks,04.jpg,Fake,6,2,4,0.33,DISCARD,
ID000349,Thomas-Jeffrey-Hanks,05.jpg,Fake,6,4,2,0.67,KEEP,
ID000349,Thomas-Jeffrey-Hanks,05.png,Fake,6,4,2,0.67,KEEP,
ID000350,Tian-Xi-Wei,01.jpg,Real,6,6,0,1.0,KEEP,
ID000350,Tian-Xi-Wei,01.png,Fake,6,6,0,1.0,KEEP,
ID000351,Tim-Allen,01.jpg,Fake,6,2,4,0.33,DISCARD,
ID000351,Tim-Allen,01.jpg,Real,6,6,0,1.0,KEEP,
ID000351,Tim-Allen,02.jpg,Fake,6,0,6,0.0,DISCARD,
ID000351,Tim-Allen,02.jpg,Real,6,6,0,1.0,KEEP,
ID000352,Tim-Curry,01.jpg,Fake,6,0,6,0.0,DISCARD,
ID000352,Tim-Curry,01.jpg,Real,6,5,1,0.83,KEEP,
ID000352,Tim-Curry,02.jpg,Real,6,6,0,1.0,KEEP,
ID000352,Tim-Curry,02.png,Fake,6,0,6,0.0,DISCARD,
ID000352,Tim-Curry,03.jpg,Fake,6,0,6,0.0,DISCARD,
ID000352,Tim-Curry,03.jpg,Real,6,2,4,0.67,DISCARD,
ID000352,Tim-Curry,04.jpg,Fake,6,6,0,1.0,KEEP,
ID000352,Tim-Curry,05.jpg,Fake,6,2,4,0.33,DISCARD,
ID000354,Timothée-Chalamet,01.jpg,Fake,6,3,3,0.83,TIE,
ID000354,Timothée-Chalamet,01.jpg,Real,6,6,0,1.0,KEEP,
ID000354,Timothée-Chalamet,02.jpg,Fake,6,1,5,0.83,DISCARD,
ID000354,Timothée-Chalamet,02.jpg,Real,6,6,0,1.0,KEEP,
ID000354,Timothée-Chalamet,03.jpg,Fake,6,3,3,0.83,TIE,
ID000354,Timothée-Chalamet,03.jpg,Real,6,6,0,1.0,KEEP,
ID000354,Timothée-Chalamet,04.jpg,Fake,6,0,6,1.0,DISCARD,
ID000354,Timothée-Chalamet,05.png,Fake,6,4,2,0.83,KEEP,
ID000355,Tina-Fey,01.jpg,Real,6,6,0,1.0,KEEP,
ID000355,Tina-Fey,01.png,Fake,6,0,6,0.0,DISCARD,
ID000355,Tina-Fey,02.jpg,Fake,6,0,6,0.0,DISCARD,
ID000355,Tina-Fey,02.jpg,Real,6,6,0,1.0,KEEP,
ID000355,Tina-Fey,04.jpg,Fake,6,0,6,0.0,DISCARD,
ID000356,Tom-Cruise,01.jpg,Fake,6,3,3,0.5,TIE,
ID000356,Tom-Cruise,01.jpg,Real,6,6,0,1.0,KEEP,
ID000356,Tom-Cruise,02.jpg,Real,6,6,0,1.0,KEEP,
ID000356,Tom-Cruise,03.jpg,Real,6,6,0,1.0,KEEP,
ID000357,Tom-Hardy,01.jpg,Fake,6,3,3,0.83,TIE,
ID000357,Tom-Hardy,01.jpg,Real,6,6,0,1.0,KEEP,
ID000357,Tom-Hardy,02.jpg,Fake,6,4,2,1.0,KEEP,
ID000357,Tom-Hardy,03.jpg,Fake,6,2,4,0.5,DISCARD,
ID000357,Tom-Hardy,04.jpg,Fake,6,3,3,0.67,TIE,
ID000357,Tom-Hardy,05.jpg,Fake,6,0,6,0.0,DISCARD,
ID000358,Tony-Leung-Chiu-Wai,01.jpg,Fake,6,6,0,1.0,KEEP,
ID000358,Tony-Leung-Chiu-Wai,01.jpg,Real,6,6,0,1.0,KEEP,
ID000358,Tony-Leung-Chiu-Wai,02.jpg,Fake,6,6,0,1.0,KEEP,
ID000358,Tony-Leung-Chiu-Wai,02.jpg,Real,6,6,0,1.0,KEEP,
ID000358,Tony-Leung-Chiu-Wai,03.jpg,Real,6,6,0,1.0,KEEP,
ID000359,V-BTS,01.jpg,Fake,6,4,2,1.0,KEEP,
ID000359,V-BTS,01.jpg,Real,6,6,0,1.0,KEEP,
ID000359,V-BTS,02.jpg,Fake,6,3,3,1.0,TIE,
ID000359,V-BTS,02.jpg,Real,6,6,0,1.0,KEEP,
ID000359,V-BTS,03.jpg,Fake,6,4,2,1.0,KEEP,
ID000359,V-BTS,04.png,Fake,6,3,3,0.83,TIE,
ID000360,Vera-Farmiga,01.jpg,Fake,6,4,2,1.0,KEEP,
ID000360,Vera-Farmiga,01.jpg,Real,6,6,0,1.0,KEEP,
ID000360,Vera-Farmiga,02.jpg,Fake,6,5,1,0.83,KEEP,
ID000360,Vera-Farmiga,02.jpg,Real,6,6,0,1.0,KEEP,
ID000361,Victor-Osimhen,01.jpg,Fake,6,2,4,0.67,DISCARD,
ID000361,Victor-Osimhen,01.jpg,Real,6,6,0,1.0,KEEP,
ID000361,Victor-Osimhen,02.jpg,Real,6,5,1,0.83,KEEP,
ID000361,Victor-Osimhen,02.png,Fake,6,1,5,0.33,DISCARD,
ID000361,Victor-Osimhen,04.jpg,Fake,6,2,4,0.67,DISCARD,
ID000361,Victor-Osimhen,05.jpg,Fake,6,2,4,0.5,DISCARD,
ID000361,Victor-Osimhen,images.jpg,Fake,6,3,3,0.83,TIE,
ID000361,Victor-Osimhen,photo-with-victor-osimhen-1-optimized.webp,Fake,6,2,4,0.67,DISCARD,
ID000362,Vin-Diesel,01.jpg,Real,6,6,0,1.0,KEEP,
ID000362,Vin-Diesel,01.png,Fake,6,0,6,0.0,DISCARD,
ID000362,Vin-Diesel,02.jpg,Fake,6,5,1,0.83,KEEP,
ID000362,Vin-Diesel,02.jpg,Real,6,4,2,1.0,KEEP,
ID000362,Vin-Diesel,03.jpg,Fake,6,1,5,0.17,DISCARD,
ID000363,Vladimir-Vladimirovich-Putin-i,01.jpg,Fake,6,3,3,1.0,TIE,
ID000363,Vladimir-Vladimirovich-Putin-i,01.jpg,Real,6,6,0,1.0,KEEP,
ID000363,Vladimir-Vladimirovich-Putin-i,02.jpg,Fake,6,0,6,0.33,DISCARD,
ID000363,Vladimir-Vladimirovich-Putin-i,02.jpg,Real,6,6,0,1.0,KEEP,
ID000363,Vladimir-Vladimirovich-Putin-i,03.jpg,Fake,6,2,4,1.0,DISCARD,
ID000363,Vladimir-Vladimirovich-Putin-i,04.jpg,Fake,6,5,1,1.0,KEEP,
ID000363,Vladimir-Vladimirovich-Putin-i,05.png,Fake,6,1,5,0.67,DISCARD,
ID000363,Vladimir-Vladimirovich-Putin-i,06.png,Fake,6,2,4,0.67,DISCARD,
ID000363,Vladimir-Vladimirovich-Putin-i,07.webp,Fake,6,2,4,0.67,DISCARD,
ID000364,Walt-Disney,01.jpg,Real,6,6,0,1.0,KEEP,
ID000364,Walt-Disney,01.png,Fake,6,3,3,0.5,TIE,
ID000364,Walt-Disney,02.jpg,Fake,6,0,6,0.0,DISCARD,
ID000365,Walter-Matthau,01.jpg,Real,6,6,0,1.0,KEEP,
ID000365,Walter-Matthau,01.png,Fake,6,4,2,0.67,KEEP,
ID000365,Walter-Matthau,02.jpg,Real,6,6,0,1.0,KEEP,
ID000365,Walter-Matthau,02.png,Fake,6,4,2,0.67,KEEP,
ID000365,Walter-Matthau,04.png,Fake,6,0,6,0.0,DISCARD,
ID000366,Will-Ferrell,01.jpg,Fake,6,0,6,0.0,DISCARD,
ID000366,Will-Ferrell,01.jpg,Real,6,6,0,1.0,KEEP,
ID000366,Will-Ferrell,02.jpg,Fake,6,1,5,0.17,DISCARD,
ID000366,Will-Ferrell,02.jpg,Real,6,5,1,0.83,KEEP,
ID000366,Will-Ferrell,04.jpg,Fake,6,5,1,0.83,KEEP,
ID000367,Will-Smith,01.jpg,Fake,6,2,4,0.5,DISCARD,
ID000367,Will-Smith,01.jpg,Real,6,6,0,1.0,KEEP,
ID000367,Will-Smith,02.jpg,Fake,6,3,3,0.83,TIE,
ID000367,Will-Smith,02.jpg,Real,6,6,0,1.0,KEEP,
ID000367,Will-Smith,03.jpg,Fake,6,4,2,1.0,KEEP,
ID000367,Will-Smith,03.jpg,Real,6,6,0,1.0,KEEP,
ID000367,Will-Smith,04.jpg,Fake,6,4,2,0.83,KEEP,
ID000368,William,01.jpg,Real,6,6,0,1.0,KEEP,
ID000368,William,02.jpg,Fake,6,6,0,1.0,KEEP,
ID000368,William,02.jpg,Real,6,6,0,1.0,KEEP,
ID000368,William,1.jpg,Fake,6,0,6,0.0,DISCARD,
ID000369,William-Shatner,01.jpg,Fake,6,3,3,0.67,TIE,
ID000369,William-Shatner,01.jpg,Real,6,6,0,1.0,KEEP,
ID000369,William-Shatner,02.jpg,Fake,6,6,0,1.0,KEEP,
ID000369,William-Shatner,02.jpg,Real,6,4,2,0.67,KEEP,
ID000369,William-Shatner,03.jpg,Fake,6,1,5,0.33,DISCARD,
ID000370,Winona-Ryder,01.jpg,Fake,6,0,6,0.0,DISCARD,
ID000370,Winona-Ryder,01.jpg,Real,6,6,0,1.0,KEEP,
ID000370,Winona-Ryder,04.jpg,Fake,6,1,5,0.17,DISCARD,
ID000371,Woody-Allen,01.jpg,Fake,6,4,2,1.0,KEEP,
ID000371,Woody-Allen,01.jpg,Real,6,6,0,1.0,KEEP,
ID000371,Woody-Allen,02.jpg,Fake,6,3,3,1.0,TIE,
ID000371,Woody-Allen,03.jpg,Fake,6,0,6,0.17,DISCARD,
ID000371,Woody-Allen,04.jpg,Fake,6,3,3,0.5,TIE,
ID000371,Woody-Allen,05.jpg,Fake,6,3,3,1.0,TIE,
ID000371,Woody-Allen,06.jpg,Fake,6,1,5,0.67,DISCARD,
ID000372,XI-Jinping,01.jpg,Fake,6,5,1,0.83,KEEP,
ID000372,XI-Jinping,01.jpg,Real,6,6,0,1.0,KEEP,
ID000372,XI-Jinping,02.jpg,Fake,6,5,1,0.83,KEEP,
ID000372,XI-Jinping,02.jpg,Real,6,6,0,1.0,KEEP,
ID000372,XI-Jinping,03.png,Fake,6,6,0,1.0,KEEP,
ID000373,Xiao-Zhan,01.jpg,Fake,6,3,3,0.5,TIE,
ID000373,Xiao-Zhan,01.jpg,Real,6,6,0,1.0,KEEP,
ID000373,Xiao-Zhan,02.jpg,Fake,6,1,5,0.33,DISCARD,
ID000373,Xiao-Zhan,02.jpg,Real,6,5,1,1.0,KEEP,
ID000373,Xiao-Zhan,03.jpg,Fake,6,4,2,0.83,KEEP,
ID000373,Xiao-Zhan,03.jpg,Real,6,6,0,1.0,KEEP,
ID000374,Zhong-Huijuan,01.jpg,Real,6,6,0,1.0,KEEP,
ID000374,Zhong-Huijuan,01.png,Fake,6,0,6,0.0,DISCARD,
ID000374,Zhong-Huijuan,02.jpg,Real,6,6,0,1.0,KEEP,
ID000374,Zhong-Huijuan,03.jpg,Real,6,6,0,1.0,KEEP,
ID000376,aane-Hathaway,01.jpg,Fake,6,2,4,0.5,DISCARD,
ID000376,aane-Hathaway,01.jpg,Real,6,6,0,1.0,KEEP,
ID000376,aane-Hathaway,02.jpg,Fake,6,5,1,1.0,KEEP,
ID000376,aane-Hathaway,02.jpg,Real,6,6,0,1.0,KEEP,
ID000376,aane-Hathaway,03.jpg,Fake,6,6,0,1.0,KEEP,
ID000377,angela-merkel,01.jpg,Fake,6,5,1,0.83,KEEP,
ID000377,angela-merkel,01.jpg,Real,6,6,0,1.0,KEEP,
ID000377,angela-merkel,02.jpg,Real,6,6,0,1.0,KEEP,
ID000378,captin-pat-cumins,01.jpg,Fake,6,1,5,0.17,DISCARD,
ID000378,captin-pat-cumins,01.jpg,Real,6,6,0,1.0,KEEP,
ID000378,captin-pat-cumins,02.jpg,Real,6,6,0,1.0,KEEP,
ID000378,captin-pat-cumins,03.jpg,Real,6,6,0,1.0,KEEP,
ID000379,denzel-washington,01.jpg,Fake,6,3,3,0.83,TIE,
ID000379,denzel-washington,01.jpg,Real,6,6,0,1.0,KEEP,
ID000379,denzel-washington,02.jpg,Fake,6,2,4,0.83,DISCARD,
ID000379,denzel-washington,03.jpg,Fake,6,5,1,1.0,KEEP,
ID000379,denzel-washington,04.jpg,Fake,6,1,5,0.5,DISCARD,
ID000379,denzel-washington,05.jpg,Fake,6,1,5,0.83,DISCARD,
ID000379,denzel-washington,06.jpg,Fake,6,2,4,0.67,DISCARD,
ID000380,dua-lipa,01.jpg,Fake,6,2,4,0.83,DISCARD,
ID000380,dua-lipa,01.jpg,Real,6,6,0,1.0,KEEP,
ID000380,dua-lipa,02.jpg,Fake,6,5,1,0.83,KEEP,
ID000380,dua-lipa,03.jpg,Fake,6,2,4,0.5,DISCARD,
ID000380,dua-lipa,04.png,Fake,6,2,4,0.83,DISCARD,
ID000381,ema-watson,01.jpg,Real,6,6,0,1.0,KEEP,
ID000381,ema-watson,01.png,Fake,6,5,1,0.83,KEEP,
ID000381,ema-watson,02.png,Fake,6,6,0,1.0,KEEP,
ID000381,ema-watson,03.jpg,Fake,6,5,1,1.0,KEEP,
ID000382,florence-pugh,01.jpg,Fake,6,2,4,0.5,DISCARD,
ID000382,florence-pugh,01.jpg,Real,6,6,0,1.0,KEEP,
ID000382,florence-pugh,02.jpg,Real,6,6,0,1.0,KEEP,
ID000382,florence-pugh,02.png,Fake,6,6,0,1.0,KEEP,
ID000382,florence-pugh,03.jpg,Fake,6,4,2,0.83,KEEP,
ID000382,florence-pugh,03.jpg,Real,6,6,0,1.0,KEEP,
ID000383,keiko-kitagawa,01.jpg,Fake,6,3,3,0.67,TIE,
ID000383,keiko-kitagawa,01.jpg,Real,6,6,0,1.0,KEEP,
ID000383,keiko-kitagawa,02.jpg,Fake,6,0,6,0.17,DISCARD,
ID000383,keiko-kitagawa,02.jpg,Real,6,6,0,1.0,KEEP,
ID000383,keiko-kitagawa,03.jpg,Fake,6,6,0,1.0,KEEP,
ID000383,keiko-kitagawa,03.jpg,Real,6,6,0,1.0,KEEP,
ID000384,kriti-sanon,01.jpg,Fake,6,6,0,1.0,KEEP,
ID000384,kriti-sanon,01.jpg,Real,6,6,0,1.0,KEEP,
ID000384,kriti-sanon,02.jpg,Fake,6,3,3,0.67,TIE,
ID000386,meryl-streep,01.jpg,Fake,6,4,2,0.83,KEEP,
ID000386,meryl-streep,01.jpg,Real,6,6,0,1.0,KEEP,
ID000386,meryl-streep,02.png,Fake,6,4,2,0.67,KEEP,
ID000387,mr-beast,01.jpg,Fake,6,0,6,0.17,DISCARD,
ID000387,mr-beast,01.jpg,Real,6,6,0,1.0,KEEP,
ID000387,mr-beast,02.jpg,Fake,6,3,3,0.83,TIE,
ID000387,mr-beast,02.jpg,Real,6,6,0,1.0,KEEP,
ID000387,mr-beast,03.jpg,Fake,6,5,1,0.83,KEEP,
ID000387,mr-beast,05.png,Fake,6,5,1,0.83,KEEP,
ID000388,mukesh-ambani,01.jpg,Real,6,6,0,1.0,KEEP,
ID000388,mukesh-ambani,01.png,Fake,6,0,6,0.17,DISCARD,
ID000388,mukesh-ambani,02.jpg,Fake,6,2,4,0.5,DISCARD,
ID000388,mukesh-ambani,03.jpg,Fake,6,1,5,0.33,DISCARD,
ID000388,mukesh-ambani,81.png,Fake,6,6,0,1.0,KEEP,
ID000389,narendra-modi,01.jpg,Fake,6,1,5,0.33,DISCARD,
ID000389,narendra-modi,01.jpg,Real,6,6,0,1.0,KEEP,
ID000389,narendra-modi,01.png,Fake,6,4,2,0.83,KEEP,
ID000389,narendra-modi,02.jpg,Fake,6,4,2,0.67,KEEP,
ID000389,narendra-modi,02.jpg,Real,6,5,1,1.0,KEEP,
ID000389,narendra-modi,03.jpg,Real,6,6,0,1.0,KEEP,
ID000389,narendra-modi,63.png,Fake,6,5,1,1.0,KEEP,
ID000390,riya-ulan,01 (2).png,Real,6,4,2,0.67,KEEP,
ID000390,riya-ulan,01.png,Fake,6,4,2,0.67,KEEP,
ID000390,riya-ulan,120.png,Fake,6,4,2,0.67,KEEP,
ID000391,sally-bundock,01.jpg,Real,6,6,0,1.0,KEEP,
ID000391,sally-bundock,01.png,Fake,6,1,5,0.33,DISCARD,
ID000391,sally-bundock,02.jpg,Real,6,6,0,1.0,KEEP,
ID000391,sally-bundock,02.png,Fake,6,5,1,0.83,KEEP,
ID000392,salman-khan,01.jpg,Fake,6,2,4,0.33,DISCARD,
ID000392,salman-khan,01.jpg,Real,6,6,0,1.0,KEEP,
ID000392,salman-khan,02.jpg,Fake,6,5,1,0.83,KEEP,
ID000392,salman-khan,02.jpg,Real,6,6,0,1.0,KEEP,
ID000394,taylor-swift,01.jpg,Fake,6,1,5,0.5,DISCARD,
ID000394,taylor-swift,01.png,Real,6,6,0,1.0,KEEP,
ID000394,taylor-swift,02.jpg,Real,6,6,0,1.0,KEEP,
ID000394,taylor-swift,02.png,Fake,6,3,3,0.5,TIE,
ID000395,tom-holland,01.jpg,Fake,6,4,2,1.0,KEEP,
ID000395,tom-holland,01.jpg,Real,6,6,0,1.0,KEEP,
ID000395,tom-holland,02.jpg,Fake,6,5,1,1.0,KEEP,
ID000395,tom-holland,02.jpg,Real,6,6,0,1.0,KEEP,
ID000395,tom-holland,03.jpg,Real,6,6,0,1.0,KEEP,
ID000395,tom-holland,03.png,Fake,6,1,5,0.67,DISCARD,
ID000395,tom-holland,04.jpg,Fake,6,2,4,0.67,DISCARD,
ID000395,tom-holland,05.jpg,Fake,6,2,4,0.67,DISCARD,
ID000396,virat-kohli,01.jpg,Fake,6,2,4,0.33,DISCARD,
ID000396,virat-kohli,01.jpg,Real,6,6,0,1.0,KEEP,
ID000396,virat-kohli,02.png,Fake,6,5,1,1.0,KEEP,
ID000396,virat-kohli,02.webp,Real,6,6,0,1.0,KEEP,
ID000396,virat-kohli,04.jpg,Fake,6,4,2,0.67,KEEP,
ID000397,Álvaro-Morte,01.jpg,Real,6,6,0,1.0,KEEP,
ID000397,Álvaro-Morte,01.png,Fake,6,6,0,1.0,KEEP,
ID000397,Álvaro-Morte,02.jpg,Real,6,6,0,1.0,KEEP,
ID000397,Álvaro-Morte,02.png,Fake,6,5,1,1.0,KEEP,
ID000397,Álvaro-Morte,03.jpg,Real,6,6,0,1.0,KEEP,
ID000398,úrsula-corberó,01.jpg,Fake,6,0,6,0.0,DISCARD,
ID000398,úrsula-corberó,01.jpg,Real,6,6,0,1.0,KEEP,
ID000398,úrsula-corberó,02.jpg,Fake,6,0,6,0.0,DISCARD,
ID000398,úrsula-corberó,03.jpg,Fake,6,2,4,0.33,DISCARD,
ID000398,úrsula-corberó,Úrsula Corberó money heist.png,Fake,6,6,0,1.0,KEEP,
