ID,Celebrity,Image,Type,Issue
ID000001,Aaron-Judge,01.jpg,Fake,"TIE - annotators disagreed, needs a manual look"
ID000005,Adam-Sandler,04.jpg,Fake,"TIE - annotators disagreed, needs a manual look"
ID000009,Albert-Eienstain,01.jpg,Fake,"TIE - annotators disagreed, needs a manual look"
ID000009,Albert-Eienstain,04.jpg,Fake,"TIE - annotators disagreed, needs a manual look"
ID000014,Alia-Butt,01.jpg,Fake,"TIE - annotators disagreed, needs a manual look"
ID000015,Alina-Amir,01.jpg,Real,"TIE - annotators disagreed, needs a manual look"
ID000015,Alina-Amir,04.png,Fake,"TIE - annotators disagreed, needs a manual look"
ID000024,Anna-Wintour,01.jpg,Fake,"TIE - annotators disagreed, needs a manual look"
ID000025,Anthony-Hopkins,01.jpg,Fake,"TIE - annotators disagreed, needs a manual look"
ID000025,Anthony-Hopkins,02.jpg,Fake,"TIE - annotators disagreed, needs a manual look"
ID000027,Antoine-Griezmann,01.jpg,Fake,"TIE - annotators disagreed, needs a manual look"
ID000029,Antonio-Guterres,03.jpg,Fake,"TIE - annotators disagreed, needs a manual look"
ID000029,Antonio-Guterres,04.jpg,Fake,"TIE - annotators disagreed, needs a manual look"
ID000030,Antony,01.jpg,Fake,"TIE - annotators disagreed, needs a manual look"
ID000031,Arnold-Schwarzenegger,03.jpg,Fake,"TIE - annotators disagreed, needs a manual look"
ID000031,Arnold-Schwarzenegger,04.jpg,Fake,"TIE - annotators disagreed, needs a manual look"
ID000033,Ashton-Kutcher,02.jpg,Fake,"TIE - annotators disagreed, needs a manual look"
ID000036,Auston-Matthews,01.jpg,Fake,"TIE - annotators disagreed, needs a manual look"
ID000037,Babar-Azam,01.jpg,Fake,"TIE - annotators disagreed, needs a manual look"
ID000039,Bashar-al-Assad,01.jpg,Fake,"TIE - annotators disagreed, needs a manual look"
ID000040,Ben-Affleck,01.jpg,Fake,"TIE - annotators disagreed, needs a manual look"
ID000043,Benedict-Cumberbatch,04.webp,Fake,"TIE - annotators disagreed, needs a manual look"
ID000045,Benjamin-Netanyahu,04.png,Fake,"TIE - annotators disagreed, needs a manual look"
ID000048,Bill-Paxton,01.jpg,Fake,"TIE - annotators disagreed, needs a manual look"
ID000049,Billy-Bob-Thornton,01.jpg,Fake,"TIE - annotators disagreed, needs a manual look"
ID000049,Billy-Bob-Thornton,05.jpg,Fake,"TIE - annotators disagreed, needs a manual look"
ID000052,Brad-Pitt,02.jpg,Fake,"TIE - annotators disagreed, needs a manual look"
ID000056,Burak-Özçivit,01.jpg,Fake,"TIE - annotators disagreed, needs a manual look"
ID000056,Burak-Özçivit,02.jpg,Fake,"TIE - annotators disagreed, needs a manual look"
ID000057,Caitlin-Clark,01.jpg,Fake,"TIE - annotators disagreed, needs a manual look"
ID000066,Charlize-Theron,03.jpg,Fake,"TIE - annotators disagreed, needs a manual look"
ID000069,Chlo-Grace-Moretz,04.jpg,Fake,"TIE - annotators disagreed, needs a manual look"
ID000070,Chris-Cooper,02.webp,Real,"TIE - annotators disagreed, needs a manual look"
ID000072,Christian-Bale,01.jpg,Fake,"TIE - annotators disagreed, needs a manual look"
ID000074,Christopher-Walken,01.jpg,Fake,"TIE - annotators disagreed, needs a manual look"
ID000074,Christopher-Walken,03.png,Fake,"TIE - annotators disagreed, needs a manual look"
ID000078,Cristanio-Ronaldo,01.jpg,Fake,"TIE - annotators disagreed, needs a manual look"
ID000078,Cristanio-Ronaldo,03.jpg,Fake,"TIE - annotators disagreed, needs a manual look"
ID000080,Daniel-Day-Lewis,01.jpg,Fake,"TIE - annotators disagreed, needs a manual look"
ID000081,Daniel-Radcliffe,04.jpg,Fake,"TIE - annotators disagreed, needs a manual look"
ID000081,Daniel-Radcliffe,06.jpg,Fake,"TIE - annotators disagreed, needs a manual look"
ID000088,Diane-Kruger,02.jpg,Fake,"TIE - annotators disagreed, needs a manual look"
ID000088,Diane-Kruger,08.png,Fake,"TIE - annotators disagreed, needs a manual look"
ID000089,Diane-Lane,02.jpg,Fake,"TIE - annotators disagreed, needs a manual look"
ID000089,Diane-Lane,04.jpg,Fake,"TIE - annotators disagreed, needs a manual look"
ID000090,Domhnall-Gleeson,02.jpg,Fake,"TIE - annotators disagreed, needs a manual look"
ID000090,Domhnall-Gleeson,06.jpg,Fake,"TIE - annotators disagreed, needs a manual look"
ID000092,Dwayne-Johnson,02.png,Fake,"TIE - annotators disagreed, needs a manual look"
ID000094,Dylan-Dreyer,01.jpg,Fake,"TIE - annotators disagreed, needs a manual look"
ID000098,Ellyse-Perry,3.jpg,Fake,"TIE - annotators disagreed, needs a manual look"
ID000099,Elon-Musk,01.jpg,Fake,"TIE - annotators disagreed, needs a manual look"
ID000099,Elon-Musk,03.jpg,Fake,"TIE - annotators disagreed, needs a manual look"
ID000101,Emma-Roberts,04.jpg,Fake,"TIE - annotators disagreed, needs a manual look"
ID000103,Emma-Watson,04.jpg,Fake,"TIE - annotators disagreed, needs a manual look"
ID000104,Emma-Mackey,02.jpg,Fake,"TIE - annotators disagreed, needs a manual look"
ID000104,Emma-Mackey,06.png,Fake,"TIE - annotators disagreed, needs a manual look"
ID000107,Ethan-Hawke,01.jpg,Fake,"TIE - annotators disagreed, needs a manual look"
ID000107,Ethan-Hawke,04.jpg,Fake,"TIE - annotators disagreed, needs a manual look"
ID000107,Ethan-Hawke,05.jpg,Fake,"TIE - annotators disagreed, needs a manual look"
ID000112,Fawad-Khan,01.jpg,Fake,"TIE - annotators disagreed, needs a manual look"
ID000114,Florian-Wirtz,04.jpg,Fake,"TIE - annotators disagreed, needs a manual look"
ID000118,Gene-Hackman,01.jpg,Fake,"TIE - annotators disagreed, needs a manual look"
ID000121,George-Clooney,02.jpg,Fake,"TIE - annotators disagreed, needs a manual look"
ID000122,Gerard-Butler,02.jpg,Fake,"TIE - annotators disagreed, needs a manual look"
ID000123,Giorgia-Meloni,03.png,Fake,"TIE - annotators disagreed, needs a manual look"
ID000125,Glenn-Maxwell,1.jpg,Fake,"TIE - annotators disagreed, needs a manual look"
ID000127,Gregory-Peck,03.png,Fake,"TIE - annotators disagreed, needs a manual look"
ID000129,Grard-Depardieu,04.png,Fake,"TIE - annotators disagreed, needs a manual look"
ID000131,Halle-Berry,03.jpg,Fake,"TIE - annotators disagreed, needs a manual look"
ID000132,Hande-Ercel,02.jpg,Fake,"TIE - annotators disagreed, needs a manual look"
ID000133,Hania-Amir,02.jpg,Fake,"TIE - annotators disagreed, needs a manual look"
ID000133,Hania-Amir,03.png,Real,"TIE - annotators disagreed, needs a manual look"
ID000135,Hardik-Panday,1.png,Fake,"TIE - annotators disagreed, needs a manual look"
ID000137,Heath-Ledger,01.jpg,Fake,"TIE - annotators disagreed, needs a manual look"
ID000137,Heath-Ledger,05.jpg,Fake,"TIE - annotators disagreed, needs a manual look"
ID000138,Helen-Mirren,01.jpg,Fake,"TIE - annotators disagreed, needs a manual look"
ID000139,Helena-Bonham-Carter,02.jpg,Fake,"TIE - annotators disagreed, needs a manual look"
ID000139,Helena-Bonham-Carter,05.jpg,Fake,"TIE - annotators disagreed, needs a manual look"
ID000144,ID000582-Nicole-Kidman,03.jpg,Fake,"TIE - annotators disagreed, needs a manual look"
ID000145,IU,02.jpg,Fake,"TIE - annotators disagreed, needs a manual look"
ID000145,IU,03.jpg,Fake,"TIE - annotators disagreed, needs a manual look"
ID000145,IU,04.jpg,Fake,"TIE - annotators disagreed, needs a manual look"
ID000148,Imane-Anys-Pokimane,02.jpg,Fake,"TIE - annotators disagreed, needs a manual look"
ID000149,Imran-Kahn,01.jpg,Fake,"TIE - annotators disagreed, needs a manual look"
ID000154,Ishan-Kishan,04.webp,Fake,"TIE - annotators disagreed, needs a manual look"
ID000156,Jack-Nicholson,04.jpg,Fake,"TIE - annotators disagreed, needs a manual look"
ID000159,Jake-Gyllenhaal,01.jpg,Fake,"TIE - annotators disagreed, needs a manual look"
ID000167,Jeff-Bridges,03.jpg,Fake,"TIE - annotators disagreed, needs a manual look"
ID000169,Jennie,02.jpg,Fake,"TIE - annotators disagreed, needs a manual look"
ID000171,Jennifer-Connelly,01.jpg,Fake,"TIE - annotators disagreed, needs a manual look"
ID000171,Jennifer-Connelly,03.jpg,Fake,"TIE - annotators disagreed, needs a manual look"
ID000171,Jennifer-Connelly,04.jpg,Fake,"TIE - annotators disagreed, needs a manual look"
ID000173,Jennifer-Lopez,03.jpg,Fake,"TIE - annotators disagreed, needs a manual look"
ID000175,Jessica-Biel,01.jpg,Fake,"TIE - annotators disagreed, needs a manual look"
ID000175,Jessica-Biel,03.jpg,Fake,"TIE - annotators disagreed, needs a manual look"
ID000175,Jessica-Biel,07.jpg,Fake,"TIE - annotators disagreed, needs a manual look"
ID000177,Jim-Carrey,03.jpg,Fake,"TIE - annotators disagreed, needs a manual look"
ID000180,Joaquin-Phoenix,01.jpg,Fake,"TIE - annotators disagreed, needs a manual look"
ID000180,Joaquin-Phoenix,02.jpg,Fake,"TIE - annotators disagreed, needs a manual look"
ID000180,Joaquin-Phoenix,03.jpg,Fake,"TIE - annotators disagreed, needs a manual look"
ID000180,Joaquin-Phoenix,04.png,Fake,"TIE - annotators disagreed, needs a manual look"
ID000181,Jodie-Foster,04.jpg,Fake,"TIE - annotators disagreed, needs a manual look"
ID000184,John-Malkovich,02.jpg,Fake,"TIE - annotators disagreed, needs a manual look"
ID000187,John-Wayne,01.jpg,Fake,"TIE - annotators disagreed, needs a manual look"
ID000190,Jon-Stewart,11.png,Fake,"TIE - annotators disagreed, needs a manual look"
ID000192,Josh-Brolin,02.jpg,Fake,"TIE - annotators disagreed, needs a manual look"
ID000192,Josh-Brolin,03.jpg,Fake,"TIE - annotators disagreed, needs a manual look"
ID000193,Josh-Hartnett,02.jpg,Fake,"TIE - annotators disagreed, needs a manual look"
ID000194,Josh-Hutcherson,01.jpg,Fake,"TIE - annotators disagreed, needs a manual look"
ID000198,Jungkook,02.jpg,Fake,"TIE - annotators disagreed, needs a manual look"
ID000198,Jungkook,04.png,Fake,"TIE - annotators disagreed, needs a manual look"
ID000199,Justin-Timberlake,03.jpg,Fake,"TIE - annotators disagreed, needs a manual look"
ID000199,Justin-Timberlake,03.jpg,Real,"TIE - annotators disagreed, needs a manual look"
ID000201,Kate-Beckinsale,01.jpg,Fake,"TIE - annotators disagreed, needs a manual look"
ID000202,Kate-Winslet,01.jpg,Fake,"TIE - annotators disagreed, needs a manual look"
ID000203,Katharine-Hepburn,01.jpg,Fake,"TIE - annotators disagreed, needs a manual look"
ID000204,Kathy-Bates,01.jpg,Fake,"TIE - annotators disagreed, needs a manual look"
ID000207,Keira-Knightley,01.jpg,Fake,"TIE - annotators disagreed, needs a manual look"
ID000207,Keira-Knightley,02.jpg,Fake,"TIE - annotators disagreed, needs a manual look"
ID000209,Kevin-Bacon,04.png,Fake,"TIE - annotators disagreed, needs a manual look"
ID000210,Kevin-Costner,02.jpg,Fake,"TIE - annotators disagreed, needs a manual look"
ID000213,Kevin-Xu,01.webp,Real,"TIE - annotators disagreed, needs a manual look"
ID000214,Kiefer-Sutherland,04.jpg,Fake,"TIE - annotators disagreed, needs a manual look"
ID000214,Kiefer-Sutherland,05.jpg,Fake,"TIE - annotators disagreed, needs a manual look"
ID000220,Lady-gagga,01.png,Fake,"TIE - annotators disagreed, needs a manual look"
ID000223,Laura-Wolvaardt,03.jpg,Real,"TIE - annotators disagreed, needs a manual look"
ID000223,Laura-Wolvaardt,730732270_2118144989085113_1710785244193473374_n.jpg,Fake,"TIE - annotators disagreed, needs a manual look"
ID000227,Liam-Hemsworth,03.png,Fake,"TIE - annotators disagreed, needs a manual look"
ID000227,Liam-Hemsworth,04.png,Fake,"TIE - annotators disagreed, needs a manual look"
ID000237,Marc-Benioff,02.jpg,Fake,"TIE - annotators disagreed, needs a manual look"
ID000239,Margot-Robie,02.jpg,Fake,"TIE - annotators disagreed, needs a manual look"
ID000239,Margot-Robie,05.jpg,Fake,"TIE - annotators disagreed, needs a manual look"
ID000240,Maria-Corina-Machado,01.jpg,Fake,"TIE - annotators disagreed, needs a manual look"
ID000241,Marilyn-Monroe,01.jpg,Fake,"TIE - annotators disagreed, needs a manual look"
ID000241,Marilyn-Monroe,03.png,Fake,"TIE - annotators disagreed, needs a manual look"
ID000246,Marlon-Brando,01.jpg,Fake,"TIE - annotators disagreed, needs a manual look"
ID000247,Marques-Brownlee-MKBHD,01.jpg,Fake,"TIE - annotators disagreed, needs a manual look"
ID000248,Martin-Lewis,06.png,Fake,"TIE - annotators disagreed, needs a manual look"
ID000249,Martin-Ødegaard,01.jpg,Fake,"TIE - annotators disagreed, needs a manual look"
ID000253,Matthew-Broderick,01.jpg,Fake,"TIE - annotators disagreed, needs a manual look"
ID000257,Michael-J-Fox,04.jpg,Fake,"TIE - annotators disagreed, needs a manual look"
ID000258,Michael-Keaton,02.jpg,Fake,"TIE - annotators disagreed, needs a manual look"
ID000263,Michelle-Yeoh,01.jpg,Fake,"TIE - annotators disagreed, needs a manual look"
ID000264,Mickey-Rourke,01.jpg,Fake,"TIE - annotators disagreed, needs a manual look"
ID000270,Monica-Bellucci,03.jpg,Fake,"TIE - annotators disagreed, needs a manual look"
ID000273,Nancy-Pelosi,03.jpg,Fake,"TIE - annotators disagreed, needs a manual look"
ID000276,Neha-Kakka,01.jpg,Real,"TIE - annotators disagreed, needs a manual look"
ID000279,Nicholas-Galitzine,02.jpg,Fake,"TIE - annotators disagreed, needs a manual look"
ID000282,Nicky-Campbell,01.jpg,Real,"TIE - annotators disagreed, needs a manual look"
ID000286,Olga-Loiek,01.jpg,Fake,"TIE - annotators disagreed, needs a manual look"
ID000287,Olivia-Rodrigo,02.jpg,Fake,"TIE - annotators disagreed, needs a manual look"
ID000287,Olivia-Rodrigo,04.png,Fake,"TIE - annotators disagreed, needs a manual look"
ID000288,Patricia-Arquette,02.jpg,Fake,"TIE - annotators disagreed, needs a manual look"
ID000289,Patrick-Stewart,04.jpg,Fake,"TIE - annotators disagreed, needs a manual look"
ID000297,Pope-Francis,01.jpg,Fake,"TIE - annotators disagreed, needs a manual look"
ID000301,Richard-Gere,03.jpg,Fake,"TIE - annotators disagreed, needs a manual look"
ID000302,Rihanna,02.jpg,Fake,"TIE - annotators disagreed, needs a manual look"
ID000303,Rinko-Kikuchi,04.jpg,Fake,"TIE - annotators disagreed, needs a manual look"
ID000303,Rinko-Kikuchi,05.jpg,Fake,"TIE - annotators disagreed, needs a manual look"
ID000304,Robert-De-Niro,01.jpg,Fake,"TIE - annotators disagreed, needs a manual look"
ID000305,Robert-Downey-Jr,01.jpg,Fake,"TIE - annotators disagreed, needs a manual look"
ID000310,Roger-Moore,01.jpg,Fake,"TIE - annotators disagreed, needs a manual look"
ID000311,Rohit-Paudel,1.png,Fake,"TIE - annotators disagreed, needs a manual look"
ID000319,Sally-Field,01.jpg,Fake,"TIE - annotators disagreed, needs a manual look"
ID000320,Salma-Hayek,01.jpg,Fake,"TIE - annotators disagreed, needs a manual look"
ID000321,Sam-Rockwell,01.jpg,Fake,"TIE - annotators disagreed, needs a manual look"
ID000322,Sanna-Marin,05.jpg,Fake,"TIE - annotators disagreed, needs a manual look"
ID000323,Sarah-Michelle-Gellar,01.jpg,Fake,"TIE - annotators disagreed, needs a manual look"
ID000323,Sarah-Michelle-Gellar,03.jpg,Fake,"TIE - annotators disagreed, needs a manual look"
ID000323,Sarah-Michelle-Gellar,04.jpg,Fake,"TIE - annotators disagreed, needs a manual look"
ID000324,Sean-Penn,03.jpg,Fake,"TIE - annotators disagreed, needs a manual look"
ID000325,Sediqullah-Atal,1.jpg,Fake,"TIE - annotators disagreed, needs a manual look"
ID000331,Sharlto-Copley,02.png,Fake,"TIE - annotators disagreed, needs a manual look"
ID000333,Shohei-Ohtani,03.jpg,Fake,"TIE - annotators disagreed, needs a manual look"
ID000338,Song-Hye-Kyo,01.jpg,Fake,"TIE - annotators disagreed, needs a manual look"
ID000338,Song-Hye-Kyo,05.png,Fake,"TIE - annotators disagreed, needs a manual look"
ID000343,Susan-Sarandon,02.jpg,Fake,"TIE - annotators disagreed, needs a manual look"
ID000344,Sydney-Sweeney,01.jpg,Fake,"TIE - annotators disagreed, needs a manual look"
ID000345,Sylvester-Stallone,03.jpg,Fake,"TIE - annotators disagreed, needs a manual look"
ID000346,Taeyeon,01.jpg,Fake,"TIE - annotators disagreed, needs a manual look"
ID000347,Tate-McRae,01.png,Fake,"TIE - annotators disagreed, needs a manual look"
ID000354,Timothée-Chalamet,01.jpg,Fake,"TIE - annotators disagreed, needs a manual look"
ID000354,Timothée-Chalamet,03.jpg,Fake,"TIE - annotators disagreed, needs a manual look"
ID000356,Tom-Cruise,01.jpg,Fake,"TIE - annotators disagreed, needs a manual look"
ID000357,Tom-Hardy,01.jpg,Fake,"TIE - annotators disagreed, needs a manual look"
ID000357,Tom-Hardy,04.jpg,Fake,"TIE - annotators disagreed, needs a manual look"
ID000359,V-BTS,02.jpg,Fake,"TIE - annotators disagreed, needs a manual look"
ID000359,V-BTS,04.png,Fake,"TIE - annotators disagreed, needs a manual look"
ID000361,Victor-Osimhen,images.jpg,Fake,"TIE - annotators disagreed, needs a manual look"
ID000363,Vladimir-Vladimirovich-Putin-i,01.jpg,Fake,"TIE - annotators disagreed, needs a manual look"
ID000364,Walt-Disney,01.png,Fake,"TIE - annotators disagreed, needs a manual look"
ID000367,Will-Smith,02.jpg,Fake,"TIE - annotators disagreed, needs a manual look"
ID000369,William-Shatner,01.jpg,Fake,"TIE - annotators disagreed, needs a manual look"
ID000371,Woody-Allen,02.jpg,Fake,"TIE - annotators disagreed, needs a manual look"
ID000371,Woody-Allen,04.jpg,Fake,"TIE - annotators disagreed, needs a manual look"
ID000371,Woody-Allen,05.jpg,Fake,"TIE - annotators disagreed, needs a manual look"
ID000373,Xiao-Zhan,01.jpg,Fake,"TIE - annotators disagreed, needs a manual look"
ID000379,denzel-washington,01.jpg,Fake,"TIE - annotators disagreed, needs a manual look"
ID000383,keiko-kitagawa,01.jpg,Fake,"TIE - annotators disagreed, needs a manual look"
ID000384,kriti-sanon,02.jpg,Fake,"TIE - annotators disagreed, needs a manual look"
ID000387,mr-beast,02.jpg,Fake,"TIE - annotators disagreed, needs a manual look"
ID000394,taylor-swift,02.png,Fake,"TIE - annotators disagreed, needs a manual look"
ID000269,Mohammad-Albuty,,,"EXCLUDED from FinalDataset - needs both Real and Fake, but has: 0 Fake images kept after voting"
ID000240,Maria-Corina-Machado,,,"EXCLUDED from FinalDataset - needs both Real and Fake, but has: 0 Fake images kept after voting"
ID000324,Sean-Penn,,,"EXCLUDED from FinalDataset - needs both Real and Fake, but has: 0 Fake images kept after voting"
ID000233,Luis-Díaz,,,"EXCLUDED from FinalDataset - needs both Real and Fake, but has: 0 Fake images kept after voting"
ID000199,Justin-Timberlake,,,"EXCLUDED from FinalDataset - needs both Real and Fake, but has: 0 Fake images kept after voting"
ID000258,Michael-Keaton,,,"EXCLUDED from FinalDataset - needs both Real and Fake, but has: 0 Fake images kept after voting"
ID000307,Robert-Englund,,,"EXCLUDED from FinalDataset - needs both Real and Fake, but has: 0 Fake images kept after voting"
ID000249,Martin-Ødegaard,,,"EXCLUDED from FinalDataset - needs both Real and Fake, but has: 0 Fake images kept after voting"
ID000251,Matt-Dillon,,,"EXCLUDED from FinalDataset - needs both Real and Fake, but has: 0 Fake images kept after voting"
ID000156,Jack-Nicholson,,,"EXCLUDED from FinalDataset - needs both Real and Fake, but has: 0 Fake images kept after voting"
ID000063,Carlos-Alcaraz,,,"EXCLUDED from FinalDataset - needs both Real and Fake, but has: 0 Fake images kept after voting"
ID000274,Naomi-Watts,,,"EXCLUDED from FinalDataset - needs both Real and Fake, but has: 0 Fake images kept after voting"
ID000339,Sophie-Devine,,,"EXCLUDED from FinalDataset - needs both Real and Fake, but has: 0 Fake images kept after voting"
ID000306,Robert-Duvall,,,"EXCLUDED from FinalDataset - needs both Real and Fake, but has: 0 Fake images kept after voting"
ID000348,Thomas-Jane,,,"EXCLUDED from FinalDataset - needs both Real and Fake, but has: 0 Fake images kept after voting"
ID000237,Marc-Benioff,,,"EXCLUDED from FinalDataset - needs both Real and Fake, but has: 0 Fake images kept after voting"
ID000142,Holly-Hunter,,,"EXCLUDED from FinalDataset - needs both Real and Fake, but has: 0 Fake images kept after voting"
ID000247,Marques-Brownlee-MKBHD,,,"EXCLUDED from FinalDataset - needs both Real and Fake, but has: 0 Fake images kept after voting"
ID000163,Jason-Clarke,,,"EXCLUDED from FinalDataset - needs both Real and Fake, but has: 0 Fake images kept after voting"
ID000287,Olivia-Rodrigo,,,"EXCLUDED from FinalDataset - needs both Real and Fake, but has: 0 Fake images kept after voting"
ID000190,Jon-Stewart,,,"EXCLUDED from FinalDataset - needs both Real and Fake, but has: 0 Fake images kept after voting"
ID000162,Jason-Biggs,,,"EXCLUDED from FinalDataset - needs both Real and Fake, but has: 0 Fake images kept after voting"
ID000054,Bruce-Willis,,,"EXCLUDED from FinalDataset - needs both Real and Fake, but has: 0 Fake images kept after voting"
ID000180,Joaquin-Phoenix,,,"EXCLUDED from FinalDataset - needs both Real and Fake, but has: 0 Fake images kept after voting"
ID000248,Martin-Lewis,,,"EXCLUDED from FinalDataset - needs both Real and Fake, but has: 0 Fake images kept after voting"
ID000107,Ethan-Hawke,,,"EXCLUDED from FinalDataset - needs both Real and Fake, but has: 0 Fake images kept after voting"
ID000342,Suryakumar-Yadav,,,"EXCLUDED from FinalDataset - needs both Real and Fake, but has: 0 Fake images kept after voting"
ID000185,John-Terry,,,"EXCLUDED from FinalDataset - needs both Real and Fake, but has: 0 Fake images kept after voting"
ID000320,Salma-Hayek,,,"EXCLUDED from FinalDataset - needs both Real and Fake, but has: 0 Fake images kept after voting"
ID000071,Chris-Tucker,,,"EXCLUDED from FinalDataset - needs both Real and Fake, but has: 0 Fake images kept after voting"
ID000050,Blair-Parry-Okeden,,,"EXCLUDED from FinalDataset - needs both Real and Fake, but has: 0 Fake images kept after voting"
ID000021,Andy-Jassy,,,"EXCLUDED from FinalDataset - needs both Real and Fake, but has: 0 Fake images kept after voting"
ID000351,Tim-Allen,,,"EXCLUDED from FinalDataset - needs both Real and Fake, but has: 0 Fake images kept after voting"
ID000184,John-Malkovich,,,"EXCLUDED from FinalDataset - needs both Real and Fake, but has: 0 Fake images kept after voting"
ID000221,Lamar-Jackson,,,"EXCLUDED from FinalDataset - needs both Real and Fake, but has: 0 Fake images kept after voting"
ID000089,Diane-Lane,,,"EXCLUDED from FinalDataset - needs both Real and Fake, but has: 0 Fake images kept after voting"
ID000374,Zhong-Huijuan,,,"EXCLUDED from FinalDataset - needs both Real and Fake, but has: 0 Fake images kept after voting"
ID000378,captin-pat-cumins,,,"EXCLUDED from FinalDataset - needs both Real and Fake, but has: 0 Fake images kept after voting"
ID000191,Jonah-Hill,,,"EXCLUDED from FinalDataset - needs both Real and Fake, but has: 0 Fake images kept after voting"
ID000175,Jessica-Biel,,,"EXCLUDED from FinalDataset - needs both Real and Fake, but has: 0 Fake images kept after voting"
ID000210,Kevin-Costner,,,"EXCLUDED from FinalDataset - needs both Real and Fake, but has: 0 Fake images kept after voting"
ID000370,Winona-Ryder,,,"EXCLUDED from FinalDataset - needs both Real and Fake, but has: 0 Fake images kept after voting"
ID000332,Shia-LaBeouf,,,"EXCLUDED from FinalDataset - needs both Real and Fake, but has: 0 Fake images kept after voting"
ID000077,Colin-Farrell,,,"EXCLUDED from FinalDataset - needs both Real and Fake, but has: 0 Fake images kept after voting"
ID000070,Chris-Cooper,,,"EXCLUDED from FinalDataset - needs both Real and Fake, but has: 0 Fake images kept after voting"
ID000394,taylor-swift,,,"EXCLUDED from FinalDataset - needs both Real and Fake, but has: 0 Fake images kept after voting"
ID000055,Bukayo-Saka,,,"EXCLUDED from FinalDataset - needs both Real and Fake, but has: 0 Fake images kept after voting"
ID000355,Tina-Fey,,,"EXCLUDED from FinalDataset - needs both Real and Fake, but has: 0 Fake images kept after voting"
ID000083,David-Arquette,,,"EXCLUDED from FinalDataset - needs both Real and Fake, but has: 0 Fake images kept after voting"
ID000266,Mina,,,"EXCLUDED from FinalDataset - needs both Real and Fake, but has: 0 Fake images kept after voting"
ID000331,Sharlto-Copley,,,"EXCLUDED from FinalDataset - needs both Real and Fake, but has: 0 Fake images kept after voting"
ID000340,Steve-Zahn,,,"EXCLUDED from FinalDataset - needs both Real and Fake, but has: 0 Fake images kept after voting"
ID000135,Hardik-Panday,,,"EXCLUDED from FinalDataset - needs both Real and Fake, but has: 0 Fake images kept after voting"
ID000275,Nasser-Al-Huqbani,,,"EXCLUDED from FinalDataset - needs both Real and Fake, but has: 0 Fake images kept after voting"
ID000153,Isabella-Gaze,,,"EXCLUDED from FinalDataset - needs both Real and Fake, but has: 0 Fake images kept after voting"
ID000364,Walt-Disney,,,"EXCLUDED from FinalDataset - needs both Real and Fake, but has: 0 Fake images kept after voting"
ID000091,Dustin-Hoffman,,,"EXCLUDED from FinalDataset - needs both Real and Fake, but has: 0 Fake images kept after voting"
ID000053,Brenda-Tau,,,"EXCLUDED from FinalDataset - needs both Real and Fake, but has: 0 Fake images kept after voting"
ID000229,Link-Neal,,,"EXCLUDED from FinalDataset - needs both Real and Fake, but has: 0 Fake images kept after voting"
ID000139,Helena-Bonham-Carter,,,"EXCLUDED from FinalDataset - needs both Real and Fake, but has: 0 Fake images kept after voting"
ID000015,Alina-Amir,,,"EXCLUDED from FinalDataset - needs both Real and Fake, but has: 0 Real images kept after voting"
ID000337,Song-Kang-ho,,,"EXCLUDED from FinalDataset - needs both Real and Fake, but has: 0 Fake images kept after voting"
ID000036,Auston-Matthews,,,"EXCLUDED from FinalDataset - needs both Real and Fake, but has: 0 Fake images kept after voting"
ID000204,Kathy-Bates,,,"EXCLUDED from FinalDataset - needs both Real and Fake, but has: 0 Fake images kept after voting"
ID000311,Rohit-Paudel,,,"EXCLUDED from FinalDataset - needs both Real and Fake, but has: 0 Fake images kept after voting"
ID000160,James-Caan,,,"EXCLUDED from FinalDataset - needs both Real and Fake, but has: 0 Fake images kept after voting"
ID000186,John-Travolta,,,"EXCLUDED from FinalDataset - needs both Real and Fake, but has: 0 Fake images kept after voting"
ID000316,Rose-Byrne,,,"EXCLUDED from FinalDataset - needs both Real and Fake, but has: 0 Fake images kept after voting"
ID000325,Sediqullah-Atal,,,"EXCLUDED from FinalDataset - needs both Real and Fake, but has: 0 Fake images kept after voting"
ID000361,Victor-Osimhen,,,"EXCLUDED from FinalDataset - needs both Real and Fake, but has: 0 Fake images kept after voting"
ID000312,Romain-Duris,,,"EXCLUDED from FinalDataset - needs both Real and Fake, but has: 0 Fake images kept after voting"
ID000004,Abdulnasser-Bin-Kalban,,,"EXCLUDED from FinalDataset - needs both Real and Fake, but has: 0 Fake images kept after voting"
ID000106,Eric-Bana,,,"EXCLUDED from FinalDataset - needs both Real and Fake, but has: 0 Fake images kept after voting"
ID000256,Michael-Cera,,,"EXCLUDED from FinalDataset - needs both Real and Fake, but has: 0 Fake images kept after voting"
ID000159,Jake-Gyllenhaal,,,"EXCLUDED from FinalDataset - needs both Real and Fake, but has: 0 Fake images kept after voting"
ID000048,Bill-Paxton,,,"EXCLUDED from FinalDataset - needs both Real and Fake, but has: 0 Fake images kept after voting"
ID000125,Glenn-Maxwell,,,"EXCLUDED from FinalDataset - needs both Real and Fake, but has: 0 Fake images kept after voting"
ID000356,Tom-Cruise,,,"EXCLUDED from FinalDataset - needs both Real and Fake, but has: 0 Fake images kept after voting"
ID000012,Alex-Cooper,,,"EXCLUDED from FinalDataset - needs both Real and Fake, but has: 0 Fake images kept after voting"
ID000073,Christian-Clavier,,,"EXCLUDED from FinalDataset - needs both Real and Fake, but has: 0 Fake images kept after voting"
ID000261,Michele-Morrone,,,"EXCLUDED from FinalDataset - needs both Real and Fake, but has: 0 Fake images kept after voting"
ID000267,Mohamed-Salah,,,"EXCLUDED from FinalDataset - needs both Real and Fake, but has: 0 Fake images kept after voting"
ID000282,Nicky-Campbell,,,"EXCLUDED from FinalDataset - needs both Real and Fake, but has: 0 Fake images kept after voting"
ID000062,Carla-Gugino,,,"EXCLUDED from FinalDataset - needs both Real and Fake, but has: 0 Fake images kept after voting"
ID000088,Diane-Kruger,,,"EXCLUDED from FinalDataset - needs both Real and Fake, but has: 0 Fake images kept after voting"
ID000321,Sam-Rockwell,,,"EXCLUDED from FinalDataset - needs both Real and Fake, but has: 0 Fake images kept after voting"
ID000183,John-Leguizamo,,,"EXCLUDED from FinalDataset - needs both Real and Fake, but has: 0 Fake images kept after voting"
ID000179,Jim-Sturgess,,,"EXCLUDED from FinalDataset - needs both Real and Fake, but has: 0 Fake images kept after voting"
